pid,polularity_score
POST00005596,6.81283455200694
POST00005409,6.881976713944634
POST00005137,10.972368465919574
POST00005701,9.960252844732853
POST00005736,10.438297656811319
POST00005810,10.969526452711413
POST00004226,7.478747125349001
POST00005867,9.188604400779166
POST00005212,5.833395815260467
POST00005046,11.769828508708487
POST00005303,3.2921652260440344
POST00004807,10.185031943090873
POST00005953,10.825841446949498
POST00004381,8.823139233458328
POST00005725,10.039385162399421
POST00004532,9.917729181394902
POST00004771,10.78270397867531
POST00005825,9.201362552631318
POST00004689,10.73789772490448
POST00004765,6.956753921301298
POST00004127,4.943597441063229
POST00004758,10.434944681775233
POST00005250,11.106479385273122
POST00005292,8.914650873056752
POST00004415,8.467395673918132
POST00004353,8.638406495620746
POST00005614,5.512845907859619
POST00005713,5.640526510619361
POST00004635,11.1214914551552
POST00004574,5.392900108189316
POST00004522,10.494038837991821
POST00004502,8.717669683877507
POST00004717,7.806014390608747
POST00004401,11.51930465698787
POST00004218,10.954211435938
POST00005797,9.381112131815755
POST00004244,11.139414888597223
POST00005039,3.766290787574136
POST00005096,6.748227259192175
POST00005133,9.512369220535467
POST00004700,10.410924759419114
POST00004246,9.239167824980326
POST00004447,5.815481057146975
POST00004473,10.790540851171224
POST00005635,11.689830349160667
POST00004273,3.11051930141057
POST00004190,11.308755945580344
POST00004082,5.16153031011725
POST00005603,10.098550898168337
POST00004726,10.679725946367306
POST00005565,8.546997575917192
POST00005724,10.085100036325503
POST00005553,10.579504907929657
POST00004200,9.30808893775526
POST00005084,8.429088567914805
POST00004086,10.174531889466857
POST00004583,9.085938704058218
POST00004134,11.195727404548748
POST00004470,8.574065099307886
POST00004467,10.027987444772371
POST00005899,11.09805953169488
POST00004370,9.590876092798059
POST00005682,10.542445134225986
POST00005220,7.686446822707621
POST00005053,9.16383981658655
POST00005422,10.558163754414078
POST00004234,10.097456559959612
POST00005799,10.791609343187991
POST00004552,12.088589150557771
POST00004581,10.039134488424162
POST00005838,6.337234028504599
POST00004829,11.839860622080371
POST00005620,8.833094667841188
POST00005939,9.50540026363065
POST00005407,10.833868955132262
POST00005954,6.97721996813952
POST00004854,10.465607346380656
POST00005815,6.3764673450640545
POST00005753,10.081972312430368
POST00004677,9.295979736146801
POST00004685,4.757033790194819
POST00005860,2.747849385869008
POST00005988,7.118653849808535
POST00005980,11.018050890424702
POST00005097,7.968193870852337
POST00005525,9.08403759300243
POST00005369,8.126357546048174
POST00004504,10.537940857282205
POST00004345,10.240975437378403
POST00004969,10.111924158476164
POST00005833,11.747532523975433
POST00004970,9.67843138524098
POST00005694,6.508979250913875
POST00005075,10.90059869540437
POST00005003,6.195215956359703
POST00005259,6.252676819841245
POST00005239,8.606726702840216
POST00005837,8.540958974336315
POST00005032,7.985400615760029
POST00004254,9.979703055032116
POST00005139,6.285566946037236
POST00004849,9.735988331469082
POST00004159,7.766524779884695
POST00005675,8.20683620966166
POST00004509,8.43930775364829
POST00005919,11.100306440411666
POST00004553,8.83529508170477
POST00005279,8.372515485102383
POST00005318,9.03937325610728
POST00005935,9.97974284798231
POST00004702,5.141507500937017
POST00005572,9.280812439142906
POST00005571,10.774942485841205
POST00005080,9.175610528922915
POST00005910,8.346666003837655
POST00004276,11.734270402274138
POST00004870,8.57631320658551
POST00004733,8.947828322349022
POST00005196,10.143661279868576
POST00004411,10.20349056396583
POST00004027,9.549568088025113
POST00005770,11.502442440202481
POST00005085,9.748009877612542
POST00005367,9.693433909282726
POST00004155,5.8106258666761095
POST00005763,10.833025326518461
POST00005858,9.578815326171089
POST00004761,11.629349097878126
POST00004293,3.622768275066513
POST00004413,10.636098962210035
POST00004161,9.58964303465305
POST00004926,10.834975156103413
POST00005584,8.550566288600853
POST00005967,7.502990032359812
POST00005481,10.448620820326466
POST00004444,9.039153132895873
POST00005890,9.782898764030772
POST00005780,10.96836772698395
POST00005781,8.222286458186785
POST00004588,11.907920673672564
POST00005016,11.237810152779494
POST00005619,9.116529935711384
POST00005395,8.062319279561287
POST00004682,7.526415455121193
POST00004577,8.944895689370982
POST00005089,9.742801597260616
POST00004501,10.109763396274404
POST00004610,9.404575180747441
POST00005359,8.367093899487466
POST00004022,9.138700291523394
POST00005040,8.439798668457849
POST00004087,12.144078227582607
POST00004314,9.69885562359204
POST00005730,9.370941773392662
POST00005929,7.537587413345511
POST00004943,9.59549191189415
POST00004991,9.978814302191196
POST00005262,10.232272219743432
POST00004814,2.2390498450044656
POST00004080,9.408171990022062
POST00005473,11.429283768764877
POST00005533,9.108395758445488
POST00005420,7.735558833694402
POST00004884,9.988164994414408
POST00005462,10.817304841446708
POST00005638,8.600343432312442
POST00004651,9.437272485149695
POST00005889,10.123952746437453
POST00004456,8.690748068549418
POST00005031,7.4670096553917915
POST00004005,8.057164522152963
POST00005206,9.45677221878832
POST00005633,10.020058551487283
POST00005123,10.415947564463542
POST00005809,10.217657041432432
POST00005559,10.075827747227178
POST00005618,11.222830934266243
POST00005575,9.998967572087311
POST00005966,11.528730976336245
POST00005446,11.587763150020809
POST00005807,10.108763463895782
POST00004292,10.140547164223294
POST00004221,10.049917533581572
POST00004560,8.014886785313083
POST00004004,10.846873292347132
POST00004208,11.244200273194979
POST00004025,6.855732350480799
POST00005188,9.25225998728822
POST00004788,9.272750195845452
POST00004968,8.004716260116346
POST00005611,9.020851412567765
POST00004867,11.410092965839388
POST00004848,10.300637930198697
POST00004439,4.6982537817108545
POST00005283,11.396562058850867
POST00005660,6.306779486515654
POST00005586,10.739331216978567
POST00004211,8.120329677473618
POST00004035,8.913838239746735
POST00005104,8.157120302886275
POST00004384,5.33086435599685
POST00004672,9.134743496023113
POST00005847,7.39361872444655
POST00004156,8.893654985501923
POST00005465,10.529507606811597
POST00005191,11.880094636375812
POST00005915,9.723511533357126
POST00005528,11.623867945016832
POST00004941,11.526469582363802
POST00004281,8.906010273931937
POST00004715,12.085596898036849
POST00004558,8.450811147480348
POST00005514,4.792684019017855
POST00004797,8.603792809183322
POST00005337,6.859120578238078
POST00005321,10.390211352497715
POST00004480,11.92620906873989
POST00005973,2.1533661432133635
POST00005641,11.120220020852846
POST00005221,11.158304195411375
POST00004793,9.127191167589134
POST00004597,9.497265972633128
POST00005744,9.434800173954237
POST00005943,8.69333755630548
POST00004566,9.090933667938623
POST00004706,7.704846905011981
POST00005459,5.869118247399976
POST00004524,10.445562485877684
POST00004241,9.239016017226344
POST00004934,7.595866818945547
POST00005543,2.246731776451248
POST00005852,10.805191928662587
POST00004861,8.763492670319193
POST00005301,10.869589942454903
POST00005894,10.850134229297407
POST00004477,10.160504748959251
POST00004893,10.82538445486626
POST00005768,8.30466551956214
POST00005371,6.05183106544806
POST00004842,9.580433647028421
POST00004398,9.55112052871804
POST00005005,10.316971987586985
POST00004446,10.52688408676282
POST00004366,9.225711227692788
POST00004623,9.805562230496115
POST00005414,9.755881254950465
POST00005705,7.89914367515052
POST00004944,11.811029000207112
POST00005284,8.457667609570755
POST00004403,9.858047788428209
POST00004827,9.418293152681692
POST00004660,11.034292015540313
POST00005447,9.126613388051178
POST00005906,10.103219297788636
POST00004825,11.740044901347071
POST00004924,6.0826415071088205
POST00004731,10.3344794755175
POST00004495,7.520015888855262
POST00005881,6.0479179636696125
POST00005517,8.976648580263891
POST00005903,5.090587079588063
POST00005617,4.281000945941824
POST00004237,8.600465078746826
POST00004881,10.003270625207504
POST00005429,8.396731651942432
POST00005397,11.219930391001101
POST00005203,8.206714050411826
POST00004594,6.7417287477461505
POST00005358,9.482505566434217
POST00004379,9.845465730580052
POST00004873,8.223016952162844
POST00004659,11.36759881298671
POST00005908,8.691306289302744
POST00005330,10.614522167064438
POST00004250,9.683785334121
POST00005342,9.889771846952476
POST00004946,9.802378427640296
POST00005808,6.4171836938540245
POST00005241,8.333305967615345
POST00005772,3.2504942011294164
POST00004988,11.419857391440935
POST00004465,10.658362217458135
POST00005496,10.82770271715908
POST00005492,9.81085862108716
POST00005386,11.246083544829872
POST00005387,5.214622319352994
POST00005965,6.8330238457054815
POST00004616,10.209825594077245
POST00004742,9.460529359482425
POST00005958,9.940108883162004
POST00004874,2.4365428179939417
POST00004499,9.855849955240156
POST00004627,3.9107304064793
POST00005751,11.022675943590052
POST00004310,3.0525303453892456
POST00005233,10.01137641615751
POST00005564,8.687717582086112
POST00005364,9.406507739504232
POST00004750,9.190540384143127
POST00005377,11.731547014382803
POST00004494,9.958504800556407
POST00004252,6.140584622927637
POST00004590,6.519006315705986
POST00004268,7.8144240006286525
POST00005888,7.8032028415149535
POST00005037,9.423616798839412
POST00004993,8.564410002625923
POST00004972,10.384449843677109
POST00005566,10.241078843814611
POST00005792,7.061775811877146
POST00004755,7.118138205205091
POST00005931,7.564809266935205
POST00005741,7.251462594124662
POST00005163,9.791969856159234
POST00005636,10.569288739661852
POST00005339,11.095741749497103
POST00005489,11.276203392218047
POST00004245,10.290306146414972
POST00005392,10.023827534403008
POST00005703,8.280326759484613
POST00004166,11.044171193955771
POST00004910,10.642398663961652
POST00005941,5.16026288613649
POST00004067,11.309546521572104
POST00005522,9.225679105333333
POST00005365,8.690642006008007
POST00004931,8.591700221576044
POST00004935,11.175191745845408
POST00004828,9.15430642622906
POST00004010,9.058419597659718
POST00005130,5.992101662192638
POST00004148,7.519725073690099
POST00004364,10.451345313005762
POST00004690,9.781095037999675
POST00005842,11.26701047920217
POST00004063,8.254377833074003
POST00004948,9.686106153750405
POST00005207,9.453908276723858
POST00004301,8.073058135089774
POST00004478,9.622216007605035
POST00004938,10.755662750921585
POST00004545,10.337857365469644
POST00004056,9.247987495549802
POST00004674,9.288592816757394
POST00004141,8.6555399127275
POST00005114,7.983199446393279
POST00004432,11.183409843175026
POST00005883,10.425090463453884
POST00004673,10.37200763786727
POST00005230,11.646920222573879
POST00004741,7.518123968148964
POST00004065,10.730418861062049
POST00005813,11.627416755020352
POST00004625,9.951142158624538
POST00004417,3.367185950710822
POST00005082,11.560562633324382
POST00004344,4.65909613902143
POST00004162,1.6987804689175339
POST00004260,8.57416984643742
POST00004069,9.067675199323848
POST00005898,9.607023357631993
POST00005819,11.133469784739507
POST00005103,4.136534234297877
POST00005727,10.221785874659837
POST00005316,6.862930924661002
POST00004639,10.279259592598178
POST00004175,9.26897501521384
POST00004937,10.466869449453428
POST00004042,9.748827290265965
POST00005248,8.361026658270262
POST00005551,8.590997770651267
POST00005616,10.885372727137117
POST00005793,9.789777094677076
POST00005723,10.601488007832783
POST00005689,10.892679665279848
POST00005609,9.19338857887489
POST00004120,9.317878333382719
POST00005014,3.5006494090266176
POST00005237,12.062274721147073
POST00004880,10.319939255097253
POST00004352,8.287567904979548
POST00005759,10.844401898483992
POST00004045,10.824237056088233
POST00004922,3.8461431308269556
POST00005311,11.314942891606186
POST00004636,10.544526281611665
POST00005750,9.459116781880132
POST00004508,11.153163225802109
POST00005477,3.56745758333181
POST00005521,6.735989842789372
POST00004372,11.294826278137466
POST00005329,7.2831266780185135
POST00004982,9.887960416624976
POST00004014,6.583648368746548
POST00004667,10.042127073006052
POST00005601,8.181855389275357
POST00004450,4.490149502617953
POST00004790,10.152322277409574
POST00004031,3.260822548315664
POST00005562,10.088001903861597
POST00005921,10.579842872261668
POST00004173,10.685268752896071
POST00004638,8.823378945398508
POST00005092,10.260550061575614
POST00004954,10.015570087894627
POST00004356,8.514787905923972
POST00004905,10.794376645065586
POST00005745,8.905017592324592
POST00004732,10.76306515100377
POST00005110,10.51502684772328
POST00004830,12.014702849203017
POST00005549,11.332407052727064
POST00004838,9.59161205243424
POST00004773,11.083393056192005
POST00005056,3.383438117774197
POST00004962,9.570942962310191
POST00004143,4.6594509118245515
POST00004187,9.993767455996963
POST00004518,11.996583241672766
POST00005761,8.853795439813128
POST00005434,10.860521585435611
POST00005942,13.24739126874866
POST00005974,12.1986743142843
POST00004892,10.932356251904652
POST00005940,10.163575062663798
POST00004586,10.548368371376618
POST00004222,8.337632857965348
POST00005106,7.367894063915237
POST00004149,11.639066642589592
POST00004529,6.810752106806231
POST00004489,11.973380786724327
POST00004230,8.475534068379984
POST00005985,10.022958852506628
POST00005976,11.499473790203398
POST00004589,10.544149393428004
POST00004457,9.060330390267474
POST00004656,9.80652615855342
POST00004284,9.396567658476677
POST00004034,7.60949697585776
POST00004406,9.164074114887358
POST00004258,3.878165438380341
POST00004323,10.385153792445529
POST00005822,10.813975646067991
POST00004037,9.551022432691953
POST00005685,12.066963414629544
POST00004965,8.086613399634983
POST00005218,10.947768079577832
POST00004223,8.561530401671245
POST00004964,9.112637800772978
POST00005129,8.646996506019288
POST00005893,7.770595481845309
POST00005051,8.3701483540193
POST00005326,10.558583554731431
POST00004130,9.388900016764033
POST00004777,4.666639014887895
POST00004611,9.163569760992615
POST00005905,4.864243945032339
POST00005970,10.331868296128597
POST00004395,9.967167821672769
POST00004251,10.510315721181591
POST00004645,9.623836660903615
POST00004232,9.132190559673802
POST00004890,11.224197839329292
POST00005291,9.634088253594802
POST00004713,11.246246844368404
POST00005777,10.11130303986927
POST00004342,3.2408228111276305
POST00005379,8.487732517599385
POST00004573,10.263474834919103
POST00005726,8.767714561050925
POST00004798,8.230677817206518
POST00003945,6.0818537526964125
POST00005108,10.538678808670939
POST00005722,7.304132873879563
POST00004857,9.3210115327605
POST00004320,8.029418859609724
POST00005278,2.1300826064955105
POST00004912,8.84774998560021
POST00005091,11.064669459193503
POST00004076,8.541930921928534
POST00004038,5.405489782834423
POST00004559,7.543624223251788
POST00005924,9.877675711340904
POST00005308,11.54934956817435
POST00005411,7.546759606906553
POST00005972,8.758530496016155
POST00005222,4.927088773503705
POST00005266,11.502435905494378
POST00005632,11.430395568779964
POST00004835,9.451425419435756
POST00004282,10.273164723455487
POST00005214,5.996437585318149
POST00005836,9.42081170810944
POST00004073,9.224883078450254
POST00005821,11.62236377743742
POST00004896,9.79927264054507
POST00005555,6.9435962570070116
POST00004950,9.778078025359122
POST00004887,3.81910687894982
POST00004684,8.63174371978975
POST00004622,6.627345320623148
POST00005466,3.5109785815237644
POST00005766,10.165343198844502
POST00004762,11.31359004707344
POST00005223,10.760522499299354
POST00004600,4.667583135680046
POST00004745,9.420523236910412
POST00005461,5.090864419713925
POST00004235,6.403984200759611
POST00004302,9.39263662990758
POST00005210,3.360829332307194
POST00004050,10.928505496619762
POST00005848,10.919255180746806
POST00004142,4.625312267194867
POST00005628,9.140536977125556
POST00004994,9.51494177517116
POST00004321,9.157941416011102
POST00004438,8.263767909484233
POST00005779,10.999885695683439
POST00004862,8.699118499818708
POST00004348,10.661706749142718
POST00005578,10.03821778542226
POST00005055,8.849794911670354
POST00005916,9.65220610343125
POST00004266,9.383272909652073
POST00005719,10.194739198782814
POST00004712,10.845829404814948
POST00005458,9.22010967605918
POST00005322,7.217122963469758
POST00005036,11.388977996185094
POST00005671,4.831506464180673
POST00005663,7.84581387952513
POST00004805,9.43563197872817
POST00005678,9.522047203566096
POST00004626,10.904855093265729
POST00005824,10.28219787039244
POST00004212,10.512065533573887
POST00004637,4.89173170068088
POST00005934,7.968108480523542
POST00004844,10.068753429527632
POST00005591,11.396864830189747
POST00005432,6.9761391209463115
POST00004547,6.779155299857044
POST00004531,8.533424807357799
POST00005087,10.90864598654423
POST00005666,6.387271144020866
POST00004995,10.83042453445229
POST00005242,11.001905707526646
POST00004271,4.485262431787554
POST00005737,10.770959135059709
POST00004823,9.674107236281209
POST00004703,7.859904828685474
POST00005518,8.516618027674985
POST00005217,10.628057387937673
POST00004452,9.89044195074881
POST00005895,10.857975727568508
POST00005599,11.732140794378843
POST00005570,7.5153788123039496
POST00004195,9.33711040624877
POST00004184,9.50928148077365
POST00005625,8.524054340868442
POST00005868,4.146591127737029
POST00004779,4.998852733489747
POST00004971,2.741430320593379
POST00004592,7.198384846632158
POST00004507,9.462160768947822
POST00005993,8.412440042916094
POST00004203,10.277138575874087
POST00004819,9.818491554866924
POST00005013,9.376439296536425
POST00005216,12.075453515961751
POST00005324,9.336436877312094
POST00005590,9.710934607533437
POST00005312,8.572975653078476
POST00005544,2.240292096752254
POST00004088,12.282378573506854
POST00005288,6.789817852237524
POST00005588,7.73150302793174
POST00004822,11.727148695492248
POST00004901,10.222812546043917
POST00005134,5.140162873215351
POST00004374,8.456434271363257
POST00004699,10.470108622453655
POST00004603,9.75477570724244
POST00004608,10.863645214643718
POST00004462,10.233736967708092
POST00004914,9.040775243929446
POST00005834,9.739630870476528
POST00004039,10.096326496248684
POST00004330,11.428790698710674
POST00005592,10.473033604712851
POST00004216,3.3943261922475183
POST00005470,8.337946040816338
POST00004029,3.3777466858911174
POST00005304,11.220605959704482
POST00004058,3.825645502402591
POST00005630,9.293441528109579
POST00005925,6.64923220531357
POST00004068,10.341818364395778
POST00004171,9.575531659124556
POST00005232,9.487480359080163
POST00005204,4.817491832151127
POST00005785,10.388920956802615
POST00005964,8.833303674973461
POST00004425,9.270197057532952
POST00004028,9.156571445414393
POST00005679,10.221254040527906
POST00004618,8.983600859719363
POST00005795,11.701685812084303
POST00004176,8.280315656991837
POST00005550,10.04993876644673
POST00005946,5.9809046699879165
POST00005949,7.556221293992034
POST00005354,10.58837524586497
POST00004023,7.337943576454141
POST00005451,5.731368579755571
POST00005415,10.561371990344885
POST00005378,11.09223685057171
POST00004967,8.65308997309824
POST00004520,9.287163578969851
POST00004563,2.381941280082678
POST00004389,5.077622702091575
POST00005536,8.484846045449256
POST00004568,8.511418275975092
POST00005699,9.37006298328636
POST00004026,9.531644217397988
POST00004316,11.078685856934001
POST00005247,8.921216636723795
POST00005154,8.984218000149086
POST00005783,11.792839570639616
POST00005356,10.872066976205891
POST00004846,9.522010818790553
POST00004094,6.461949147557062
POST00004900,11.101180390144648
POST00004421,12.144196120251113
POST00004535,8.825802175658195
POST00005540,8.000884799085041
POST00005717,9.256027581821638
POST00004369,6.872581079854884
POST00004196,9.761088407365394
POST00005290,11.576541590532733
POST00004412,11.156119423504682
POST00005739,6.6669354897659145
POST00005079,9.4741246127814
POST00004859,9.81595849450838
POST00004721,7.493656984197032
POST00004886,9.372381492934677
POST00004990,12.193228369187477
POST00004940,6.666627582739146
POST00005413,8.52282046175636
POST00004169,6.631084639380508
POST00005179,11.729531147647325
POST00005487,11.261963994679892
POST00004186,9.114393943429285
POST00005408,9.193726821166123
POST00005662,9.169417468521656
POST00004856,10.457494508830365
POST00005380,8.476523212957249
POST00004158,9.356844219548561
POST00004491,9.660014002716531
POST00004443,11.097723650458423
POST00005574,11.252597591955569
POST00005159,2.8938488810248995
POST00004420,9.167901520005342
POST00005612,11.041359307195288
POST00004453,9.588519199701034
POST00005267,4.497730859364796
POST00004129,2.4229544059795707
POST00004853,10.683080602433854
POST00005711,11.073857764198978
POST00004676,11.486021721014026
POST00004766,6.688810254002501
POST00004837,8.592549465520644
POST00004436,9.861046623416465
POST00005213,10.042939443261957
POST00004363,8.739732942545015
POST00005384,8.37541200840605
POST00004192,7.062630820415886
POST00005990,9.020333265510756
POST00004441,4.390670007945071
POST00004016,10.164838183791861
POST00005621,10.779513079163362
POST00005117,7.282632924518252
POST00005560,7.417092114030475
POST00004953,4.129201662939148
POST00005669,10.75815666488472
POST00004183,1.8108755490247275
POST00004376,11.697015025109298
POST00004695,10.772509214213137
POST00004122,10.41184795072593
POST00005657,11.441689316180353
POST00004512,10.649269741875864
POST00004475,10.234862424478083
POST00005490,10.003559189591321
POST00005011,9.302832932387629
POST00005113,9.523238314400377
POST00004102,10.05561624447039
POST00005577,9.838027797191234
POST00005169,11.130505600305131
POST00004357,8.752177154304698
POST00005605,10.376208079487212
POST00005789,10.567705262009797
POST00005568,8.747004309597783
POST00005714,8.619540646026689
POST00005116,11.134970353572504
POST00004354,9.508242962260423
POST00005254,8.37860459335954
POST00005294,12.600443676443764
POST00004174,8.614469942095141
POST00005480,8.914946591336848
POST00005880,8.958678811633447
POST00005199,9.32213411998328
POST00004737,11.560440744260061
POST00004217,11.705430112455625
POST00004551,12.284559579913973
POST00005911,8.869290158650598
POST00005336,12.084052256186903
POST00005438,7.58496876734504
POST00005579,9.185201835328908
POST00004591,10.638058722918178
POST00005185,9.285712566774086
POST00005421,11.089791143614804
POST00005298,11.112760875484417
POST00005180,9.752037708474177
POST00004385,9.536372032460802
POST00005668,8.924738021733486
POST00005012,9.77641516820101
POST00004498,8.61799042520547
POST00004092,10.849037117191312
POST00005374,8.742921262523542
POST00005776,6.40763627065692
POST00005168,9.151234644555572
POST00005042,5.388695640115702
POST00005081,9.98374113826635
POST00004020,11.308886403011824
POST00005538,12.11379521243803
POST00005268,10.380324201218256
POST00005376,9.757000675290156
POST00004538,10.134196101610476
POST00005353,10.485450493441487
POST00005257,4.062994903799415
POST00004865,8.127745837397354
POST00004313,8.704610389806223
POST00004526,10.974024441106572
POST00005208,10.329852113458386
POST00004668,8.24686833524212
POST00005558,9.755497258025748
POST00004204,11.263821376656578
POST00005306,9.437132773541485
POST00005914,9.814773416293175
POST00005791,7.5284962471885555
POST00004860,11.148804737833892
POST00004185,9.906128730119216
POST00004514,9.635740928968474
POST00004908,11.393294875390184
POST00005072,7.777539976384526
POST00005238,10.950189942419817
POST00005229,10.050080935751296
POST00005968,7.235116404349686
POST00004973,6.138560325159843
POST00004809,9.430163331477836
POST00005846,8.929654216982929
POST00005049,10.17349861994996
POST00005020,10.198164665508383
POST00004621,10.02973914202412
POST00004002,8.680973316298159
POST00004098,9.700831378746342
POST00004670,10.379755878194622
POST00004349,8.67339819852942
POST00004936,10.780779675358552
POST00004634,8.488151514925713
POST00005498,10.015816520116989
POST00005158,10.907384548101414
POST00005285,9.724774442748187
POST00005405,7.113313083305799
POST00005920,10.279192256332983
POST00005015,5.68719549634355
POST00004243,9.613597925375862
POST00004041,6.447690664566678
POST00005764,11.412666055239255
POST00004168,6.940408040496926
POST00005173,10.164018148206836
POST00005975,10.483438112987157
POST00005649,11.577073780453953
POST00004694,8.476827114021102
POST00004064,10.56533444787701
POST00004655,7.299861062830731
POST00004804,10.883621595735171
POST00004585,10.953724990971091
POST00005697,10.121054294577176
POST00004304,10.859965581230744
POST00005300,11.230825157437842
POST00005345,8.289852315198043
POST00005302,11.663717200399944
POST00004337,10.818933746741795
POST00004210,8.717714100811865
POST00004472,10.612588863607845
POST00004654,10.68650296665229
POST00005927,3.643122688576807
POST00004675,10.827060252255457
POST00004418,8.603593777868427
POST00004054,4.13034093759237
POST00004128,11.179381463911401
POST00004448,10.875299104024146
POST00005801,8.024613054368961
POST00004843,5.295036360134148
POST00004280,8.884429009527114
POST00004012,10.60008927223316
POST00004957,2.625318762255254
POST00004683,10.78148670601658
POST00004906,9.159256287964007
POST00005372,3.8724933926255867
POST00005639,10.609283408970217
POST00004567,10.946828381707379
POST00004434,9.875747644369733
POST00005126,7.172254705780347
POST00005812,11.393599625917432
POST00004296,8.956884626745236
POST00005373,8.452604799333953
POST00005441,10.49143460374477
POST00005996,6.3178738431131425
POST00005782,8.093182630653759
POST00004879,8.84546035718507
POST00004479,12.19931874911013
POST00005417,10.049306305760993
POST00004644,8.797480023035375
POST00005189,10.261409235279189
POST00005320,10.416798462947327
POST00005728,10.806151703063192
POST00004400,10.842587017524014
POST00004272,9.075428684604361
POST00005767,10.81102982690722
POST00005265,6.370270766976743
POST00004040,10.969014854576523
POST00004193,4.061642626490549
POST00004780,9.619003880909853
POST00004255,10.833232366650458
POST00005198,12.282525303076405
POST00004834,10.470352049193421
POST00005150,1.7821868730809083
POST00004544,9.901581532118337
POST00005211,9.472792802742692
POST00004459,10.850169125751494
POST00005127,10.576486830370294
POST00005234,9.936509913689068
POST00004049,11.267307970140987
POST00004114,10.552205671683218
POST00004125,3.64931738715958
POST00005147,11.100266895136489
POST00005132,11.698296001561042
POST00004691,8.902872186932163
POST00004060,10.27526959419407
POST00005178,8.579779145701453
POST00005442,11.88986438742419
POST00005048,9.737234375253164
POST00004431,7.547729116593401
POST00005755,10.186016122704386
POST00005715,9.549958713328763
POST00005604,9.733454283110763
POST00004350,9.671259447157967
POST00005556,6.2422823931597815
POST00005969,9.260643247454254
POST00005892,4.566633631275135
POST00005855,8.081850243449018
POST00005854,11.009404095564955
POST00005957,9.927249760784573
POST00005041,7.206348348381326
POST00004422,8.97447169053166
POST00005991,9.038156240523852
POST00005504,12.551302933693066
POST00004540,8.084184444540675
POST00004145,8.25107613730328
POST00005691,9.278441922221834
POST00005155,10.88240908081271
POST00005111,8.370524971284363
POST00005505,8.771011132791587
POST00004813,9.277982902817481
POST00005146,6.1038100850893375
POST00004117,10.974835290395005
POST00005530,10.32815244928437
POST00005375,8.573185514186495
POST00005683,9.929855392813874
POST00005170,10.710157890817287
POST00005775,9.185352440406108
POST00004325,13.34160396269611
POST00004033,11.814648766620516
POST00005686,9.579263816236717
POST00005482,9.788190967524077
POST00004123,8.699018143449553
POST00005309,8.694846588037892
POST00004604,11.40999207786359
POST00004787,3.9905234377932386
POST00004578,9.303831413384245
POST00004562,10.422775579051907
POST00005428,4.17076706090824
POST00004075,8.330162550014178
POST00005350,10.399108947913623
POST00004503,9.755947870790514
POST00005806,7.071698978726677
POST00005788,11.489321099514168
POST00004257,10.09803924633379
POST00005774,11.781739584511705
POST00004977,6.091584354516945
POST00004951,9.3773298954886
POST00005287,4.018594282544271
POST00004629,8.519177895083617
POST00004739,7.829963472915347
POST00005390,11.59383065669021
POST00005878,9.84052209199619
POST00005008,6.606361496926305
POST00004089,10.40405687757376
POST00004876,9.969373337206527
POST00004084,8.792146618102073
POST00004270,3.251737690236417
POST00004021,9.950875827132103
POST00005418,7.134743046054729
POST00005251,11.150444257916217
POST00004427,8.402263232472885
POST00005270,11.60946058320682
POST00005803,9.627200551770065
POST00005644,12.354784640494579
POST00005171,10.619209690332895
POST00005425,8.63744664222324
POST00005629,9.709027961372229
POST00005076,10.701620418173256
POST00005681,7.562400385351397
POST00004904,10.2386278416168
POST00004642,10.50623635406402
POST00005978,10.64413628605619
POST00004724,10.514615512821251
POST00004930,3.1417235733083126
POST00005664,8.721865671901368
POST00005368,8.529420026842443
POST00004165,7.840383206509496
POST00004735,9.791319277845375
POST00005720,8.878048219659549
POST00004999,7.969062823269785
POST00005827,9.07446995339952
POST00005871,9.497085332396923
POST00005516,7.788791397229247
POST00005483,10.175916824884709
POST00004264,9.415012898343283
POST00004493,10.4622003848597
POST00005140,9.944903740085808
POST00004298,10.264811319669523
POST00004888,10.587529857424835
POST00004003,5.534301468220644
POST00004795,9.941931227122831
POST00004945,10.229893480540008
POST00004734,9.818616096785982
POST00004077,6.219251642873173
POST00005192,9.950111277453502
POST00005594,10.938076228354724
POST00004240,11.115391506876362
POST00005535,10.255669593936855
POST00004598,4.984551123977432
POST00005602,11.23414133396158
POST00005758,10.762612433138171
POST00005526,11.005216322610657
POST00005554,8.401760352066534
POST00005484,9.747547669331345
POST00005529,9.744933157104079
POST00005469,8.92614766178817
POST00004160,10.11021471917551
POST00004047,9.778452945037746
POST00004214,7.752674363273348
POST00005124,8.807661707570649
POST00004671,10.519902190361291
POST00005431,10.356726108125589
POST00004278,7.911498961909668
POST00004373,9.227188920330716
POST00004775,9.814600411174474
POST00004815,2.390621217648368
POST00004106,3.2292069730704824
POST00004451,9.606472224285126
POST00005721,7.334078397340481
POST00004285,10.868866592438996
POST00005610,9.36161257555067
POST00004751,10.990092560496228
POST00005497,10.746344927486977
POST00004482,9.512402693446141
POST00004030,8.80880339579184
POST00004437,7.356098993640266
POST00005136,6.469185561692785
POST00004806,9.221413798016513
POST00004736,10.697851917040653
POST00004410,9.468161129782322
POST00005884,11.928307575811857
POST00004103,9.242880188077134
POST00005437,8.628195383274488
POST00005862,10.633867769234726
POST00004386,8.728445517547918
POST00004360,8.582631519880932
POST00005844,6.997424605416027
POST00005335,11.66746075385103
POST00004339,7.9120227252674376
POST00004539,9.480297474568658
POST00005646,11.86442616196932
POST00005280,10.728065711929505
POST00005143,6.711603018372369
POST00004747,8.915421384941753
POST00004388,8.474798728350125
POST00005193,10.790046730151731
POST00004723,10.145688173440513
POST00005034,1.5881560583776952
POST00004110,8.980785345097622
POST00005918,10.60468764774806
POST00005454,10.646418109316912
POST00005264,12.335940626096113
POST00005831,11.424937055673114
POST00005901,10.85062361820132
POST00004265,9.982541863498199
POST00004375,7.189814871972904
POST00005740,10.098887636324502
POST00005327,8.346021556873362
POST00004738,10.52813108661037
POST00004939,12.654847857135275
POST00005762,8.42119813516131
POST00004445,8.095130440733207
POST00004727,12.258206200055389
POST00004327,9.388047614689265
POST00004989,10.31016407055018
POST00005176,9.612294056868311
POST00004664,8.810376179980578
POST00004895,4.3129515864689285
POST00004474,9.730290098707469
POST00004329,11.551650865959765
POST00005506,12.076868879934997
POST00004841,9.93663273501772
POST00004179,4.020238088292541
POST00004756,9.03958397796678
POST00004686,7.177409957796902
POST00005478,12.291793932427979
POST00005162,10.919867349318082
POST00005952,6.6791009846527025
POST00005756,12.415304996244146
POST00005561,9.881104070526153
POST00005581,11.106429880409845
POST00004759,11.522521471552531
POST00005494,8.84663961629826
POST00004201,9.778963663855368
POST00004007,9.424522538865785
POST00004530,10.249456798437583
POST00005184,7.606886095199299
POST00004121,8.595260968843947
POST00004687,5.059582648039984
POST00004871,9.632378934688374
POST00005784,4.436670312067687
POST00005820,4.370873175463371
POST00005360,7.087146100735001
POST00004006,7.103120147677652
POST00005546,10.719711343376467
POST00005534,2.993126323366675
POST00005700,9.877008546965047
POST00005273,7.6665711546481425
POST00005078,9.445754784252363
POST00004696,12.005748799977624
POST00004784,2.8108274243754385
POST00005771,8.208673302160909
POST00005120,10.429155469455049
POST00004371,11.206811260269712
POST00004719,9.882883456134467
POST00005926,10.65483280800834
POST00004571,9.62160498179857
POST00004613,9.378912151603947
POST00004833,7.98263789505711
POST00004705,9.526768903822939
POST00004442,8.355415683707124
POST00005818,10.210008909025142
POST00004219,8.41148321288549
POST00004757,11.465514402120682
POST00005511,10.986412898611896
POST00004688,10.928448404872725
POST00004891,9.250798051855627
POST00005119,10.898369879338912
POST00004484,3.9624856053344373
POST00004015,8.90871926407478
POST00004093,8.460643897848994
POST00004138,10.645317190738208
POST00005742,9.054773327664643
POST00005998,10.07152101859689
POST00004863,10.085736760347185
POST00005472,7.423180377934719
POST00005613,11.182719672017956
POST00005121,6.812436719645787
POST00005845,11.116935233446595
POST00004576,9.407772281486942
POST00005501,8.594088257844339
POST00004942,10.009398342593457
POST00005557,9.040279406279335
POST00005325,8.501591007903134
POST00004449,8.658687894131694
POST00005382,10.431955177028934
POST00004979,9.824294394033139
POST00005656,10.81637364579769
POST00005524,11.4521716147535
POST00005272,8.565144237668301
POST00004081,9.608828432934713
POST00004872,6.134263823852537
POST00005643,9.850816907966756
POST00004341,9.558281522838257
POST00004091,7.939842005417192
POST00005445,10.097656851123068
POST00004497,12.916177599010286
POST00004818,10.00079249234689
POST00004549,11.25895588237481
POST00004517,7.964928751931801
POST00004144,2.3279942714624053
POST00005453,7.173022119929912
POST00005718,7.147662597310319
POST00004297,11.309494598748095
POST00004085,10.454691419675372
POST00004923,10.3757564877433
POST00005277,8.633280167187262
POST00005296,11.164135741545868
POST00005712,4.044996285107258
POST00004043,8.809026690382577
POST00005640,9.852358624555713
POST00005077,9.419684356503524
POST00004355,7.999367408366034
POST00005945,10.180190219916247
POST00005585,8.320657946809163
POST00004206,11.119050433128331
POST00004596,6.704721581719001
POST00004864,6.150583075254767
POST00005922,8.527600610094817
POST00004238,9.017785825073076
POST00004382,9.217567157163254
POST00005054,10.704407160213359
POST00005149,9.448183257200476
POST00005814,10.074005696424999
POST00005464,10.293522057654357
POST00005347,10.880368998347665
POST00004911,4.6888765153252026
POST00005757,11.297379655271945
POST00004209,1.9223901050386634
POST00005680,11.867442704055135
POST00004612,4.710012696250188
POST00004115,8.5994849779343
POST00005201,9.755349112693114
POST00004760,10.020508759608775
POST00004894,9.051774516228452
POST00004580,9.299192068621274
POST00005960,10.646817161079511
POST00005070,8.613830716556762
POST00005573,11.370759981258193
POST00004317,9.702118600458324
POST00005642,11.050622116724755
POST00004769,9.993872502234602
POST00005357,10.757358377283696
POST00004966,7.703437822366557
POST00005099,7.510536139892027
POST00004172,10.341710862962996
POST00005479,10.003072050168646
POST00004767,10.058032205569088
POST00004365,6.342267050432729
POST00005427,8.249455582347771
POST00005597,12.05570003475749
POST00005166,9.29843914810535
POST00005684,11.714465277753318
POST00004630,9.323952796973854
POST00004289,10.145397802389326
POST00004792,10.513898463493529
POST00005410,10.654014525104909
POST00005474,9.502077046005912
POST00004960,6.8573805553601215
POST00005800,11.668199911402704
POST00004135,10.86402280098653
POST00005295,11.791870390739557
POST00005896,11.552859269056018
POST00005026,11.404574459081118
POST00004152,9.795580435922773
POST00004351,11.879419395254978
POST00005542,11.628605849576259
POST00005017,8.885543384051099
POST00005263,2.6088800990620755
POST00004800,7.853490004334345
POST00004570,8.75656572918867
POST00004593,2.8093759223502928
POST00005864,11.911175289510119
POST00005416,10.329325326729045
POST00004925,7.244159521823668
POST00005105,8.721366625489068
POST00005343,5.921880202037417
POST00005385,10.22784306683093
POST00005870,6.923061684441335
POST00005362,10.82183764921633
POST00004460,9.882044766893639
POST00005460,8.285782982391812
POST00005274,11.377842841250878
POST00005029,8.249968057679528
POST00005112,6.900172609716933
POST00004812,10.00193106385434
POST00005606,9.214263035436133
POST00004866,10.563534487477904
POST00004306,9.30413450961202
POST00005948,9.307067321618316
POST00004256,10.895595147861263
POST00004958,8.715655297863949
POST00004647,8.74425600590738
POST00005655,10.621146828558704
POST00005027,10.410440600421257
POST00005148,10.967692261912223
POST00005851,9.624965346421678
POST00004918,8.618243804098935
POST00004464,7.835027266781137
POST00005709,9.586722000773733
POST00005102,6.2461942906773364
POST00005281,8.49107431858073
POST00004396,8.676274595660125
POST00004338,10.649826964002589
POST00005332,6.441798489582369
POST00005468,7.238051233928838
POST00004267,7.444454334773707
POST00005936,8.625399846926268
POST00004986,5.813955814731371
POST00005068,7.365441297972065
POST00004920,9.452592317209296
POST00004543,8.655265730827082
POST00005485,11.148165672180204
POST00005519,12.546081012683793
POST00005276,9.079647262035781
POST00004650,11.843851576876299
POST00004405,7.155505888884935
POST00005299,10.340961232849098
POST00005608,7.115558444650179
POST00004249,9.905345383054742
POST00004708,10.485526562246832
POST00004391,9.8964380816331
POST00004976,9.471132154524938
POST00005676,10.300090052273093
POST00005863,7.340466229951914
POST00004949,10.47661544277228
POST00004017,11.07372557097833
POST00005403,9.310852970529147
POST00004542,4.638455028553407
POST00005885,12.290981094050995
POST00005256,8.105856415232545
POST00005393,9.997289960221206
POST00004132,6.120561838706606
POST00005088,10.378180436411611
POST00005702,10.098080956393067
POST00005710,11.566078256381356
POST00005692,9.561849358379934
POST00005589,8.697306349864215
POST00005315,11.109912740202692
POST00004510,12.043507909548104
POST00004523,8.329367892156105
POST00004816,6.314761504596668
POST00004782,10.373579518344316
POST00004546,9.684183727937853
POST00006000,9.186175618564377
POST00004698,10.802409472714965
POST00005197,8.529754988617197
POST00005707,4.1224473185848405
POST00005977,11.5783195497084
POST00004877,10.219479790727295
POST00005850,10.950803433953073
POST00004811,10.186028680728377
POST00005424,8.071157155735648
POST00005430,7.331117208841852
POST00005515,2.725833125153749
POST00005984,12.684206256719149
POST00005006,11.085946652017883
POST00005857,5.6464289982219915
POST00004572,10.86957884755505
POST00004556,7.966328576181718
POST00004083,9.751613152279075
POST00004071,9.31163502077524
POST00005677,6.918223205768253
POST00005052,8.583268087456885
POST00004315,7.295313139092597
POST00004658,7.852738967536091
POST00005402,6.195397983124604
POST00004609,9.191111573405198
POST00005059,8.580934797600937
POST00004620,7.857946990914207
POST00005000,10.772879793675822
POST00005448,9.740925940332296
POST00005463,10.65096078694331
POST00004605,4.667021793803929
POST00005406,8.34329855421175
POST00005587,8.37350081662442
POST00004229,11.468732875080631
POST00004053,8.748641095878934
POST00005319,7.2989859504399535
POST00005930,7.8000721227881336
POST00004471,10.936664048453634
POST00004718,6.2200992514274605
POST00004955,8.427134567872596
POST00004852,13.070368384507127
POST00004247,9.146682299625096
POST00005816,8.403362224955039
POST00004564,10.809414662785377
POST00004394,7.293507416599302
POST00005440,11.058897275884856
POST00005647,9.529051122724317
POST00004387,10.121808266679935
POST00004074,3.9068127615595993
POST00004308,7.054424442650184
POST00004657,8.124580001408752
POST00004947,11.267203980687885
POST00004430,11.262895869178214
POST00005869,9.797756682800072
POST00005346,9.746264449716874
POST00004927,10.198595452715383
POST00005400,10.588792130155378
POST00005773,10.579900074879822
POST00004483,11.693504046029052
POST00004189,8.721463600860298
POST00005765,11.414984022182184
POST00005493,10.29061624843711
POST00004170,7.7919358323112435
POST00005828,9.168132209440419
POST00005419,6.0888932186950875
POST00005187,10.054313017558938
POST00005195,9.301659864869412
POST00005900,10.037775962398255
POST00004118,9.61120471024325
POST00005959,4.016460690612143
POST00005293,4.596040167605248
POST00005688,12.28910785003797
POST00005841,9.421228529051351
POST00005989,5.251095717660805
POST00004119,9.778902502371984
POST00005861,12.12191050428546
POST00005580,11.028870717143661
POST00004332,10.76075609875487
POST00004661,12.612442241680796
POST00004868,7.248914049539544
POST00005258,9.273251099661898
POST00004407,12.459965551188782
POST00004824,12.296165772231609
POST00005798,10.66580343675143
POST00005897,8.876365458172671
POST00005182,9.211617698204673
POST00005510,8.101307090944628
POST00004194,10.147486063720592
POST00004428,9.488968518552351
POST00005994,8.071868898332067
POST00004181,11.00869139468028
POST00005156,2.688106249205498
POST00005887,9.993896526711834
POST00004641,10.520821700891215
POST00004236,8.753919114224743
POST00004669,8.96879381126517
POST00005513,12.465370352030167
POST00004072,8.573227853881905
POST00004299,9.781595093843467
POST00004720,2.181614443048488
POST00005652,9.1904366676888
POST00004996,11.85884062481302
POST00005252,10.099434105435478
POST00004680,10.900909378898875
POST00005545,7.231569860181216
POST00004393,10.389044994140223
POST00005811,9.610054929083818
POST00004907,6.807441451662726
POST00004803,10.779878959769881
POST00004614,9.81473098982922
POST00004768,9.834366650835655
POST00004188,10.359955305272699
POST00005467,9.025036380457847
POST00004239,8.322319114708304
POST00004146,6.687532283691585
POST00004101,10.221441393763971
POST00005065,11.59515534771013
POST00004915,8.72436013064443
POST00005912,10.987030171845701
POST00004263,8.173620467854231
POST00004463,11.390714409341829
POST00004665,10.893033257705405
POST00005672,11.251973761852936
POST00004295,8.14503931113653
POST00005142,11.02543910446623
POST00004242,8.623414698341167
POST00005488,10.523198782817396
POST00005634,8.974195219442858
POST00005261,2.6548578128886327
POST00005122,9.100613347300643
POST00005153,9.100594064458445
POST00005670,3.795715116402436
POST00005412,10.264775569446872
POST00005583,9.02834460986472
POST00004046,8.704594159901799
POST00005539,6.446727036095851
POST00005835,7.8005203925323805
POST00005947,10.352722278518147
POST00005853,12.174759377715457
POST00005215,8.357914410699014
POST00005240,9.689092147222835
POST00005243,11.501660400809198
POST00004521,9.11635826024557
POST00005645,9.522932753709132
POST00004097,10.549422000435664
POST00004307,3.2134944420418856
POST00005334,9.549990584666366
POST00005569,9.966858663153543
POST00005455,9.02457954735632
POST00004259,3.257872301122056
POST00004180,7.100680339760089
POST00005673,9.862071130903217
POST00004287,10.504354416968692
POST00004290,9.505570601250032
POST00005627,10.323266595028658
POST00005495,9.94968303683275
POST00005733,10.154865074635614
POST00004095,6.545763837760376
POST00005607,10.91256645872278
POST00005532,11.338739962904771
POST00005286,11.663142009561415
POST00004377,7.603879274620577
POST00005708,8.853199230385858
POST00004516,10.40722579532328
POST00004730,11.1607298405906
POST00004199,10.392830491489159
POST00004975,11.405622282916962
POST00004488,11.271324445862353
POST00004763,11.79575488793061
POST00004066,9.069017158315233
POST00004458,8.19036541166755
POST00005297,8.2900847818814
POST00004312,2.5156807263206415
POST00004548,10.349334112101449
POST00005305,7.804856960372696
POST00004336,8.60582714423261
POST00004402,10.270954106960327
POST00004628,9.872707255954662
POST00005902,8.801003738835973
POST00005829,11.2519062377044
POST00005823,2.425467344541334
POST00004776,9.921571945521732
POST00005865,10.44920578506955
POST00005115,10.73051240975766
POST00004753,8.972372468049524
POST00004528,10.520348864952043
POST00004277,8.654137124129933
POST00004466,11.022729167834363
POST00004052,7.674392320983532
POST00005083,10.496833684051726
POST00005913,10.543539170292064
POST00004541,8.286795085067697
POST00004112,9.14671823160006
POST00005956,7.991630017065311
POST00004275,9.083199549504656
POST00005817,8.99665251715572
POST00005849,9.161215154961628
POST00004335,9.0403595269289
POST00005226,3.747028354171078
POST00004055,11.172993725885416
POST00005069,11.50915049720477
POST00005541,10.531218691883051
POST00004536,9.712582580005295
POST00004983,10.085785579284785
POST00004476,9.584558157196492
POST00005778,10.981594567488216
POST00005135,10.718056088713194
POST00005992,8.691421007986783
POST00004202,10.209236133727003
POST00004770,11.827977762677087
POST00004429,9.752898964503288
POST00004557,8.226457177742294
POST00005882,10.654255987816182
POST00004392,10.63615336593462
POST00004492,10.26904395318178
POST00004956,9.606480188223285
POST00004783,9.691592354720639
POST00004057,9.492898185689176
POST00005366,11.017159768048947
POST00005035,10.937432663889338
POST00004997,8.087728107092005
POST00005225,10.071196937179833
POST00005981,3.715588223623391
POST00005731,10.500332612388307
POST00005907,10.014895879813526
POST00004601,9.690381209026901
POST00005749,4.996088558175647
POST00005388,5.4020929296889735
POST00004929,10.10619864460498
POST00004781,9.702335492624256
POST00005653,11.717630033483923
POST00004207,1.861154416464678
POST00005695,2.136095357331113
POST00004062,7.491529421646683
POST00005876,10.5807256102775
POST00005057,9.060736022200404
POST00005044,9.927380669217026
POST00005951,11.364384375135925
POST00004137,10.149197611992678
POST00005183,10.513286094908096
POST00004378,9.007014080589531
POST00004215,6.400579430505024
POST00004533,6.2807098384049755
POST00005398,9.100988688168938
POST00005631,8.719268540005633
POST00004104,10.943026031507038
POST00005651,12.301358127396316
POST00004124,9.641582036221061
POST00004070,5.399304172985598
POST00004461,8.077155822112942
POST00004527,4.564915379568457
POST00005167,9.872030103716162
POST00005995,8.820210104205275
POST00005944,10.377037129812862
POST00004198,11.753723255778935
POST00004036,9.62155276167716
POST00005165,11.416579446757435
POST00005832,12.904850746732324
POST00005307,9.946948652625895
POST00004850,11.080664673526622
POST00004607,10.766989827098636
POST00005202,11.951583256737624
POST00005593,8.068912464836753
POST00005527,10.282051439251765
POST00005747,10.51032580500048
POST00005790,9.843468134523299
POST00004582,9.551846326489802
POST00005109,10.106514307418077
POST00005748,11.204557772718525
POST00005344,9.683850013051844
POST00005693,7.525674053039806
POST00005028,9.732775200442521
POST00005313,4.038861814304064
POST00004111,10.42691001963365
POST00004319,12.198468368103656
POST00004380,9.029063359901864
POST00005194,9.115993476188565
POST00005310,9.884684518460496
POST00005938,11.142308622118621
POST00004875,9.738996421611173
POST00004061,12.22606668485439
POST00004882,11.041570580001967
POST00004051,8.827828459358187
POST00005260,8.930042240902152
POST00004569,11.06083535292019
POST00005738,5.947526196651694
POST00004847,8.900275640466944
POST00005932,10.296640317447327
POST00005064,8.640635688246324
POST00004820,10.589123286835695
POST00005224,11.625517372408465
POST00004633,9.702699617212884
POST00004416,9.272372762505523
POST00004794,8.826983626696379
POST00005205,8.544092520903972
POST00005891,10.009051170748648
POST00005177,12.552321109565401
POST00004952,9.066215838959794
POST00005186,10.263883849767009
POST00004090,10.047734963943395
POST00004294,9.0742819891549
POST00004481,8.034345303673515
POST00004663,7.7816568935604735
POST00004832,8.838814807397497
POST00004899,11.775870492178154
POST00004100,12.583208037993355
POST00004537,10.862424173944863
POST00005552,10.816324108980325
POST00004984,11.357192038203353
POST00005352,10.098819106973831
POST00005476,5.148766899128489
POST00005449,9.792487274834546
POST00004455,10.994053408809123
POST00004515,2.837629475540854
POST00005512,7.801001995532317
POST00005323,9.028368763406705
POST00005289,4.616297691889487
POST00004390,10.140359856092426
POST00005066,9.164619876244123
POST00004878,11.601597603266464
POST00005548,10.92542062248729
POST00004108,9.033743685825891
POST00004786,7.940096336467903
POST00004587,9.44928147487066
POST00005523,11.984510744795747
POST00005161,11.741327602885269
POST00005457,10.752390137081443
POST00005236,8.783174550647537
POST00005537,10.992226419784478
POST00005271,11.280894586069271
POST00004728,8.936140469781916
POST00005389,8.909104481128654
POST00005245,9.988080375127602
POST00004154,8.307666096862642
POST00004333,7.903168348180367
POST00005796,8.907188039760703
POST00004561,10.17622126228176
POST00004177,11.384420251274276
POST00005909,8.998979626711701
POST00004505,9.345674713739726
POST00005095,10.448017144791065
POST00004554,10.460392344206333
POST00005746,8.513512665667973
POST00005144,9.976338969853126
POST00005637,8.535247380345751
POST00005805,10.615849166880354
POST00004817,10.788829665335138
POST00004126,7.509944581313702
POST00005038,11.440890307344542
POST00004709,10.235037022614652
POST00004679,10.732141748001592
POST00005090,7.505547284534419
POST00005228,4.808726212349046
POST00005706,8.36987016292112
POST00005735,9.274109398080496
POST00005508,8.575489238263668
POST00005363,10.43444012126496
POST00004305,7.61394472015665
POST00005209,7.5333974347325325
POST00005866,9.845441260405378
POST00004291,10.015993395071003
POST00005698,11.723590803390197
POST00004619,10.402153123825274
POST00004808,6.9646348993663665
POST00005963,6.405406354151444
POST00005025,8.685893378535065
POST00004248,11.115034069945674
POST00004744,11.19406921857879
POST00005886,11.73245202649427
POST00004916,9.921730008198388
POST00005001,10.73065730148288
POST00005999,8.045170971103301
POST00004707,8.936591885985862
POST00004704,6.256748899977164
POST00005839,9.659263988664053
POST00005622,9.358250800114465
POST00005227,11.31377752948003
POST00005674,6.3263362667643355
POST00005050,10.919836934462264
POST00005658,2.526491113869495
POST00005394,8.145618886651931
POST00005500,11.363218219492433
POST00004978,11.344336527413006
POST00004300,7.981233629969013
POST00005875,11.04470883903366
POST00005275,2.584471311590536
POST00005452,11.031653104773278
POST00005426,9.88332117240335
POST00005435,10.382564602740622
POST00005024,10.152937486016915
POST00004772,11.874159057828626
POST00004909,8.81299574990931
POST00004710,10.10776791002946
POST00004009,11.263414522316939
POST00005423,6.8492074663242715
POST00005626,10.17184485841815
POST00005654,10.310129361189507
POST00005471,10.926441262554684
POST00004697,8.605471639416976
POST00004652,11.952720782632035
POST00005917,10.71923121018441
POST00005802,9.768311224750038
POST00004147,10.83170448758473
POST00005118,12.448977086369265
POST00005979,8.690355184495344
POST00005520,8.745017531189118
POST00005962,10.033866678301413
POST00004107,7.84862979556169
POST00005094,12.14987527463387
POST00004311,2.541716813204944
POST00004565,11.138654890255129
POST00005174,10.71973940152223
POST00005804,9.277474897228469
POST00004136,8.818876200626814
POST00004328,9.13199608780849
POST00004693,11.62346772131427
POST00005840,10.10863410400419
POST00005383,11.665908783829753
POST00004433,7.948298651663193
POST00004869,6.801834356674457
POST00004496,9.334880747936968
POST00005058,11.268340023196103
POST00005732,8.585439301302404
POST00005923,11.744981193495937
POST00004764,10.255679488848514
POST00004599,10.96369040669714
POST00005904,9.7508854883211
POST00004399,11.727382439880893
POST00005181,8.691537653751485
POST00004044,11.737526183131239
POST00005175,9.72889463234899
POST00004404,10.745267948912463
POST00005576,7.897566923248284
POST00004099,5.2224430921788345
POST00004424,10.832728307878499
POST00005475,8.08319299582721
POST00005716,8.63438541035961
POST00005355,10.027744744435521
POST00004150,10.691139181425687
POST00004898,9.699570533048762
POST00004752,8.234823395483687
POST00005331,10.416669487672584
POST00004191,9.081977510814559
POST00005061,5.773936809186228
POST00005246,8.436703702009023
POST00005856,9.3327200416189
POST00004309,9.08369793000177
POST00004902,10.785964935787863
POST00004113,9.720435844216253
POST00004917,10.093075334206869
POST00005439,8.087630706701276
POST00004485,9.011149590513616
POST00004343,11.335367086014303
POST00005164,8.397462063814979
POST00004131,9.335000586856554
POST00004810,10.801188081364444
POST00004368,11.733123514906211
POST00005151,10.479224334195575
POST00004506,7.341592238799641
POST00004789,11.58368780249131
POST00004836,9.73863746328564
POST00005436,9.014236968485658
POST00005648,10.871726551512065
POST00004933,9.778705438266972
POST00005874,8.740060037802989
POST00004116,9.402099062358126
POST00005987,9.954592354381882
POST00005033,7.672796788982397
POST00005933,9.592505726435968
POST00005997,8.640468773308962
POST00005004,9.219417397144307
POST00005348,12.397199057101183
POST00005022,8.725152769115915
POST00005098,9.178513149809042
POST00004469,9.306922663036323
POST00004885,8.44129955064195
POST00004419,7.147328924884019
POST00005547,9.659621878421326
POST00004743,9.913414648451168
POST00004961,3.5429166280235695
POST00004796,11.011754492292718
POST00004646,10.22858038952009
POST00005955,8.185393271242518
POST00004550,9.153475959019445
POST00005269,9.652768640438474
POST00004008,7.997405291347765
POST00005401,10.969743242735063
POST00005086,9.525499223691332
POST00005145,10.55256738561223
POST00005499,12.267891640776227
POST00004624,8.963677808909276
POST00004662,6.107100093983437
POST00004361,5.018876548373759
POST00005255,12.165938781794875
POST00004855,6.658942375197437
POST00004359,6.050439002907044
POST00005244,8.914751587024755
POST00005107,12.057737846644308
POST00004748,9.355554252749018
POST00005743,10.824481730744436
POST00004279,10.030597271930722
POST00005370,8.868361757654702
POST00004340,6.901732609348137
POST00005101,9.354902734201644
POST00005877,10.058393470693481
POST00004178,4.01416551070475
POST00004440,8.032909956795093
POST00004840,9.763465881107432
POST00004024,8.525816663992494
POST00004362,9.664451290556334
POST00004579,6.850367520559557
POST00005769,10.473273311892294
POST00004617,10.450121916442772
POST00004749,7.986772384342819
POST00004032,6.473325403685623
POST00005950,11.151764510204059
POST00005190,9.359753550067337
POST00004435,9.80448091912061
POST00005734,8.9338437624523
POST00004225,13.032800975461022
POST00004182,11.118663995511122
POST00004318,10.42155581270118
POST00005125,11.210098336454372
POST00004692,10.103702361170066
POST00004346,11.230424049555157
POST00004648,6.894788801240365
POST00005333,11.07111857234195
POST00005340,9.687604395859374
POST00004140,10.018616437600443
POST00004331,6.115185334608703
POST00004157,10.878681964380055
POST00005019,10.267892302192076
POST00005009,11.081282453537991
POST00005623,9.752869874018836
POST00004845,10.933315071193336
POST00005131,10.101723614899178
POST00005983,10.765419920338028
POST00005786,9.788871796280905
POST00004408,10.571841306952733
POST00005018,8.30643185313328
POST00005141,9.557844892825369
POST00004224,8.054440251593233
POST00005138,10.730237853672717
POST00005624,11.04528676167643
POST00004011,12.222149548662637
POST00005231,8.153427842862211
POST00005030,1.676452380285245
POST00004013,10.328327363826384
POST00004326,10.104398285625361
POST00005830,10.48553956056938
POST00004261,9.319505471923698
POST00004519,8.552135422159605
POST00004889,10.430018288288638
POST00005235,9.547812899081809
POST00004839,8.783961526112126
POST00004678,7.55854156579353
POST00004974,9.763540952968102
POST00005093,10.111054760228424
POST00005062,9.808156327921544
POST00004164,11.291126879834042
POST00005729,9.819817421563897
POST00004932,12.347008243657951
POST00005667,5.172968107377964
POST00005396,6.2986701735148465
POST00005073,8.980734726545547
POST00004987,11.059942693488415
POST00005172,9.520517966952907
POST00004213,10.621855104989535
POST00005021,10.13087549360722
POST00005282,8.695247596907599
POST00004324,9.852167690036369
POST00004468,10.460325901476333
POST00004019,12.567909476261018
POST00005650,6.0584848352912015
POST00005060,8.953529664040602
POST00004799,10.52013184735639
POST00004220,5.117182135044829
POST00005704,11.106710821202006
POST00004802,8.611443195905888
POST00004500,11.35758680272902
POST00004851,11.007334658873603
POST00004534,9.211833513674296
POST00005361,10.58128853938454
POST00004231,8.551182373438394
POST00004903,9.295261095004998
POST00005067,11.224686373795556
POST00004928,8.948707428124715
POST00005826,9.844947047746755
POST00004981,9.413401854440743
POST00004821,11.328152412876095
POST00005433,9.152496465185028
POST00005450,10.14826325700052
POST00005253,7.875364953852812
POST00005314,9.848139504492087
POST00004778,9.17990569672054
POST00004059,10.399597931222738
POST00004919,8.702864561322146
POST00004109,9.816328939494015
POST00005843,9.385748431683867
POST00004426,8.471701607821842
POST00005567,10.490164947583766
POST00005063,8.826995422138053
POST00005128,7.968510836551291
POST00004714,11.244383636462041
POST00005595,6.689783841882626
POST00005928,6.599865288887791
POST00005045,9.958493975923135
POST00004913,4.585548972979546
POST00004754,10.97053091766877
POST00005582,8.333372053430745
POST00004785,8.47721831377731
POST00004253,12.109311292684383
POST00004653,5.389530606181575
POST00004595,9.363808579225473
POST00005859,11.329818917982983
POST00005509,8.580888968633126
POST00005752,10.865921720472457
POST00005200,11.533167457144152
POST00004998,10.284443754040375
POST00004383,6.2906333956219544
POST00004347,10.92155468413743
POST00005503,11.822475379688468
POST00004105,10.156690054643532
POST00004831,9.193740300658057
POST00005023,6.801946951723842
POST00004606,10.773056789078513
POST00004897,9.442394164510823
POST00005696,9.075510243442327
POST00005071,9.514058992787028
POST00005456,7.727927686964465
POST00004486,7.669874649801045
POST00004409,9.767040775200941
POST00004197,7.613594565201235
POST00004490,10.955164564414794
POST00005961,10.037078151871317
POST00005391,5.461813439842709
POST00004139,9.524303979842447
POST00004643,10.252503085733535
POST00004454,9.85045524974155
POST00004555,9.633968175476383
POST00005349,10.635408672374055
POST00004487,5.197517425651699
POST00004334,9.588541225920483
POST00005615,11.004635627262669
POST00005157,9.001325972405528
POST00004048,9.112529426724931
POST00004921,8.637267794857223
POST00005760,9.394225700355182
POST00004322,4.187866719090051
POST00005502,9.475956115026548
POST00005010,12.481828363540073
POST00004711,7.020247841267026
POST00004740,12.000157224027232
POST00005873,6.3693462936277
POST00004423,8.937060172397759
POST00005100,11.10170243315207
POST00005399,7.078906513315137
POST00004018,9.6177594918126
POST00004269,9.443878567641006
POST00005531,3.27639021015986
POST00004513,10.45658356542276
POST00004774,7.532338652038062
POST00004096,4.788538859464176
POST00005659,9.624135307057237
POST00005491,10.721713235061259
POST00005794,12.096778183829624
POST00004205,9.675047928801272
POST00004511,7.731862807473544
POST00005002,10.390315971939486
POST00005787,11.497664280315403
POST00004883,11.295080790733332
POST00005687,9.642756970602278
POST00005043,9.820293327070782
POST00005879,9.404631654330903
POST00004283,8.159894464467902
POST00004722,8.387008451155506
POST00004725,8.947783731858635
POST00004666,6.665878381583784
POST00004681,9.02226531606668
POST00004227,8.03876811169475
POST00004575,8.941589677789697
POST00004367,8.340674654405866
POST00004397,9.715274152144332
POST00005937,11.163020193370032
POST00004992,9.38045940001951
POST00005986,10.464018544865857
POST00004228,10.943899024260723
POST00005219,8.099207097662195
POST00004615,4.090872410406421
POST00005443,10.503083257273822
POST00005404,7.576643887076305
POST00004649,9.579831121071688
POST00005341,10.198860103436802
POST00005690,7.749834028970102
POST00004985,11.543574235417317
POST00004632,10.713299074141803
POST00005486,9.64347313963193
POST00004716,7.817567496887465
POST00004584,9.096469279271583
POST00004303,9.526572466485039
POST00004358,7.099115451635589
POST00004163,4.55688470514425
POST00005074,10.397993259440609
POST00004963,2.1080613875041188
POST00004288,9.72855773257013
POST00005381,7.432117986529741
POST00005317,7.716393410002225
POST00004274,10.253399827966188
POST00004414,9.558450675620339
POST00005665,8.914113501676393
POST00005047,10.18198942206162
POST00005982,11.081661136451189
POST00004959,10.39040792998308
POST00004729,10.20378301597104
POST00004826,10.81971272335021
POST00004801,11.600756650890418
POST00004078,11.209638080271095
POST00005007,10.753126902888988
POST00005249,10.194617284889349
POST00005351,8.52373935092152
POST00005661,7.992116141554129
POST00005328,9.872247907700638
POST00004640,9.059326665261679
POST00005872,10.897962169645478
POST00004133,7.3054195285900425
POST00004791,8.944077867101187
POST00004631,10.4225075859147
POST00004525,7.153104650050902
POST00004233,10.100363061612224
POST00004151,1.94185846327326
POST00004079,7.940732912560083
POST00005338,8.83807983569484
POST00004980,3.822126419172754
POST00005754,12.571097196818508
POST00004602,9.162036463953983
POST00005160,5.980618075363074
POST00004262,9.246022986542304
POST00004701,7.4731865168516425
POST00004858,6.86281862102808
POST00004153,10.134454285755169
POST00005971,11.62814527942702
POST00004286,11.265884170962096
POST00005444,9.982668111820878
POST00005563,5.826425319144047
POST00005507,10.506304035658758
POST00004746,4.568744678695824
POST00005598,9.610823457743903
POST00005152,8.982050382170248
POST00005600,5.488137864496698
POST00004167,10.085278845037328
