pid,polularity_score
POST00005596,8.556826
POST00005409,8.287229
POST00005137,8.395291
POST00005701,8.853713
POST00005736,8.719111
POST00005810,11.129416
POST00004226,9.08004
POST00005867,10.352979
POST00005212,8.589124
POST00005046,8.833685
POST00005303,7.0558453
POST00004807,9.273476
POST00005953,9.920292
POST00004381,8.716559
POST00005725,8.43633
POST00004532,8.888084
POST00004771,10.933851
POST00005825,10.076086
POST00004689,9.410962
POST00004765,4.9016004
POST00004127,8.051517
POST00004758,10.274261
POST00005250,8.865526
POST00005292,8.783449
POST00004415,8.509339
POST00004353,8.6220875
POST00005614,9.070052
POST00005713,8.223395
POST00004635,9.113062
POST00004574,7.593136
POST00004522,9.369697
POST00004502,9.501268
POST00004717,7.71531
POST00004401,9.334816
POST00004218,9.362636
POST00005797,9.738466
POST00004244,8.107613
POST00005039,6.3493233
POST00005096,6.6334567
POST00005133,9.129868
POST00004700,9.82904
POST00004246,8.755049
POST00004447,7.6697307
POST00004473,11.345274
POST00005635,9.694334
POST00004273,6.5063357
POST00004190,9.517101
POST00004082,7.887064
POST00005603,9.795794
POST00004726,10.031732
POST00005565,8.140118
POST00005724,9.30964
POST00005553,9.37294
POST00004200,9.782212
POST00005084,9.784872
POST00004086,8.996717
POST00004583,7.4988914
POST00004134,8.650376
POST00004470,9.126812
POST00004467,9.428666
POST00005899,9.65955
POST00004370,9.147344
POST00005682,8.633878
POST00005220,9.335635
POST00005053,9.092012
POST00005422,8.611307
POST00004234,9.602271
POST00005799,9.4523735
POST00004552,9.552362
POST00004581,10.7578
POST00005838,8.507162
POST00004829,10.707907
POST00005620,8.566154
POST00005939,8.938802
POST00005407,10.554164
POST00005954,6.6608973
POST00004854,9.555512
POST00005815,8.433362
POST00005753,9.01827
POST00004677,9.404802
POST00004685,8.070159
POST00005860,5.089162
POST00005988,7.8025475
POST00005980,10.345512
POST00005097,8.291764
POST00005525,8.895546
POST00005369,9.328824
POST00004504,8.250762
POST00004345,8.56562
POST00004969,9.456891
POST00005833,10.490772
POST00004970,8.512499
POST00005694,8.015059
POST00005075,8.667389
POST00005003,8.1793375
POST00005259,8.590092
POST00005239,8.380248
POST00005837,8.653649
POST00005032,6.795529
POST00004254,9.598837
POST00005139,8.563283
POST00004849,9.948848
POST00004159,8.762708
POST00005675,9.317403
POST00004509,9.4929085
POST00005919,9.893132
POST00004553,9.348596
POST00005279,8.329395
POST00005318,8.643572
POST00005935,9.155982
POST00004702,6.8733993
POST00005572,9.210409
POST00005571,9.031887
POST00005080,10.248096
POST00005910,8.868529
POST00004276,9.516401
POST00004870,8.656442
POST00004733,8.840608
POST00005196,9.034357
POST00004411,10.228229
POST00004027,8.908422
POST00005770,9.627306
POST00005085,9.131026
POST00005367,10.019877
POST00004155,7.3976645
POST00005763,8.914495
POST00005858,9.023464
POST00004761,10.691616
POST00004293,6.878387
POST00004413,9.573699
POST00004161,7.783844
POST00004926,9.005865
POST00005584,8.870746
POST00005967,8.563624
POST00005481,9.034698
POST00004444,10.002337
POST00005890,9.032301
POST00005780,9.195369
POST00005781,9.134446
POST00004588,9.442602
POST00005016,9.1185055
POST00005619,8.656116
POST00005395,8.713184
POST00004682,9.51929
POST00004577,7.6005664
POST00005089,9.952613
POST00004501,8.836821
POST00004610,8.8369665
POST00005359,8.491244
POST00004022,9.4419365
POST00005040,9.523977
POST00004087,9.241045
POST00004314,9.2628565
POST00005730,9.239388
POST00005929,7.983022
POST00004943,8.464805
POST00004991,8.992494
POST00005262,9.141379
POST00004814,3.9965594
POST00004080,8.493473
POST00005473,8.933458
POST00005533,9.417352
POST00005420,8.440408
POST00004884,9.341938
POST00005462,9.701284
POST00005638,10.111337
POST00004651,8.720745
POST00005889,10.541787
POST00004456,7.133888
POST00005031,8.113948
POST00004005,9.078719
POST00005206,10.390851
POST00005633,8.591182
POST00005123,8.678708
POST00005809,8.907477
POST00005559,9.474873
POST00005618,9.8898325
POST00005575,9.325586
POST00005966,10.650811
POST00005446,9.117888
POST00005807,9.16325
POST00004292,9.5252695
POST00004221,9.2986555
POST00004560,6.7579355
POST00004004,8.599725
POST00004208,9.545355
POST00004025,8.77867
POST00005188,9.796082
POST00004788,9.597972
POST00004968,8.691674
POST00005611,9.607258
POST00004867,11.392377
POST00004848,9.125934
POST00004439,3.9555843
POST00005283,9.900124
POST00005660,6.5796323
POST00005586,9.815125
POST00004211,9.092628
POST00004035,8.830111
POST00005104,9.400951
POST00004384,7.605553
POST00004672,9.059043
POST00005847,8.585923
POST00004156,8.610616
POST00005465,9.095957
POST00005191,10.279286
POST00005915,9.698027
POST00005528,10.818262
POST00004941,12.296349
POST00004281,9.023987
POST00004715,9.962848
POST00004558,8.922624
POST00005514,7.9332633
POST00004797,8.863633
POST00005337,9.3038225
POST00005321,9.35781
POST00004480,9.648858
POST00005973,4.412084
POST00005641,9.547683
POST00005221,9.721498
POST00004793,8.732812
POST00004597,9.295903
POST00005744,10.240416
POST00005943,9.896183
POST00004566,8.962534
POST00004706,8.756014
POST00005459,6.779245
POST00004524,10.081711
POST00004241,8.847579
POST00004934,8.624694
POST00005543,6.252892
POST00005852,9.200734
POST00004861,8.761745
POST00005301,8.076359
POST00005894,9.075265
POST00004477,9.403174
POST00004893,8.916731
POST00005768,8.920325
POST00005371,7.8108096
POST00004842,9.231561
POST00004398,8.700729
POST00005005,9.543178
POST00004446,9.234351
POST00004366,9.996699
POST00004623,9.340172
POST00005414,9.131879
POST00005705,8.633151
POST00004944,9.398253
POST00005284,9.578423
POST00004403,10.257775
POST00004827,11.465792
POST00004660,10.042979
POST00005447,9.30236
POST00005906,9.394275
POST00004825,9.431843
POST00004924,5.883452
POST00004731,9.691609
POST00004495,8.8155985
POST00005881,7.814816
POST00005517,8.700605
POST00005903,7.5126386
POST00005617,7.25078
POST00004237,9.483182
POST00004881,8.764823
POST00005429,8.526097
POST00005397,9.29429
POST00005203,9.093011
POST00004594,8.716842
POST00005358,9.484431
POST00004379,9.476907
POST00004873,8.067099
POST00004659,9.00824
POST00005908,9.817588
POST00005330,8.8926935
POST00004250,9.070143
POST00005342,9.91449
POST00004946,8.593305
POST00005808,7.5209274
POST00005241,9.535458
POST00005772,6.6784887
POST00004988,9.1247425
POST00004465,9.802703
POST00005496,9.091799
POST00005492,8.788654
POST00005386,9.546509
POST00005387,8.244665
POST00005965,9.101699
POST00004616,8.739351
POST00004742,9.766031
POST00005958,10.12811
POST00004874,4.0135508
POST00004499,9.305
POST00004627,8.347202
POST00005751,9.59568
POST00004310,5.5633826
POST00005233,9.215255
POST00005564,9.904519
POST00005364,8.30887
POST00004750,8.504539
POST00005377,10.334466
POST00004494,8.855579
POST00004252,8.552171
POST00004590,8.166793
POST00004268,9.699767
POST00005888,8.908786
POST00005037,9.907383
POST00004993,9.181473
POST00004972,9.911342
POST00005566,9.243802
POST00005792,8.103681
POST00004755,9.240644
POST00005931,8.623547
POST00005741,9.247077
POST00005163,8.798523
POST00005636,9.55852
POST00005339,9.747212
POST00005489,9.027602
POST00004245,8.854323
POST00005392,8.9945135
POST00005703,9.445042
POST00004166,8.857823
POST00004910,8.975238
POST00005941,7.9088707
POST00004067,9.157436
POST00005522,8.102241
POST00005365,9.35678
POST00004931,8.383049
POST00004935,8.993794
POST00004828,8.90896
POST00004010,8.362446
POST00005130,8.006573
POST00004148,9.000867
POST00004364,8.564742
POST00004690,9.305994
POST00005842,8.88997
POST00004063,7.6367135
POST00004948,9.281704
POST00005207,9.026716
POST00004301,9.5344305
POST00004478,10.012479
POST00004938,9.280435
POST00004545,8.379955
POST00004056,9.06332
POST00004674,8.4060755
POST00004141,8.841224
POST00005114,8.113096
POST00004432,9.429242
POST00005883,8.99637
POST00004673,9.983501
POST00005230,7.5320296
POST00004741,8.13226
POST00004065,8.722043
POST00005813,8.294356
POST00004625,9.400404
POST00004417,3.0024035
POST00005082,8.919642
POST00004344,3.8796463
POST00004162,5.621902
POST00004260,9.170923
POST00004069,7.925414
POST00005898,9.332024
POST00005819,9.373756
POST00005103,6.784848
POST00005727,8.358435
POST00005316,7.7937074
POST00004639,9.509505
POST00004175,9.790471
POST00004937,9.389048
POST00004042,9.342011
POST00005248,8.982836
POST00005551,10.295639
POST00005616,10.055167
POST00005793,8.252272
POST00005723,8.373302
POST00005689,9.750973
POST00005609,9.16216
POST00004120,9.204251
POST00005014,5.675559
POST00005237,8.277355
POST00004880,8.995133
POST00004352,9.0246935
POST00005759,9.176473
POST00004045,10.020021
POST00004922,6.7243533
POST00005311,10.197174
POST00004636,10.602681
POST00005750,8.907333
POST00004508,9.599297
POST00005477,6.324562
POST00005521,9.041686
POST00004372,11.30314
POST00005329,9.443487
POST00004982,10.075238
POST00004014,8.821519
POST00004667,9.448233
POST00005601,7.9361877
POST00004450,7.1347733
POST00004790,9.186268
POST00004031,4.5791597
POST00005562,8.96415
POST00005921,8.954177
POST00004173,9.242543
POST00004638,9.499438
POST00005092,9.656072
POST00004954,8.687293
POST00004356,10.138818
POST00004905,9.169002
POST00005745,10.106888
POST00004732,9.499232
POST00005110,9.832851
POST00004830,9.755206
POST00005549,8.867671
POST00004838,8.259574
POST00004773,9.115922
POST00005056,6.0101786
POST00004962,8.475205
POST00004143,7.4245014
POST00004187,9.180004
POST00004518,9.744145
POST00005761,10.156107
POST00005434,9.663057
POST00005942,7.9074435
POST00005974,9.315633
POST00004892,9.318179
POST00005940,9.164388
POST00004586,9.92323
POST00004222,8.727281
POST00005106,9.374582
POST00004149,9.882696
POST00004529,8.5313635
POST00004489,10.104464
POST00004230,8.658725
POST00005985,8.616006
POST00005976,8.43644
POST00004589,10.127816
POST00004457,8.993741
POST00004656,9.305992
POST00004284,9.388851
POST00004034,8.413997
POST00004406,8.67546
POST00004258,6.554966
POST00004323,9.022198
POST00005822,8.686345
POST00004037,10.258845
POST00005685,8.698962
POST00004965,8.105719
POST00005218,9.956744
POST00004223,9.744001
POST00004964,9.042194
POST00005129,9.265891
POST00005893,8.725664
POST00005051,8.942567
POST00005326,9.532269
POST00004130,8.580559
POST00004777,8.282257
POST00004611,9.045859
POST00005905,8.542309
POST00005970,9.441934
POST00004395,8.907609
POST00004251,9.53477
POST00004645,10.980687
POST00004232,10.834682
POST00004890,9.527129
POST00005291,9.337392
POST00004713,10.869066
POST00005777,9.585189
POST00004342,7.0057974
POST00005379,8.038514
POST00004573,8.537664
POST00005726,9.647427
POST00004798,8.341719
POST00003945,8.324572
POST00005108,10.092209
POST00005722,8.160634
POST00004857,9.02616
POST00004320,7.3733273
POST00005278,4.3203287
POST00004912,8.636632
POST00005091,9.136599
POST00004076,9.859039
POST00004038,7.978191
POST00004559,8.149417
POST00005924,9.629073
POST00005308,9.447595
POST00005411,7.6269374
POST00005972,8.685089
POST00005222,8.06429
POST00005266,9.732366
POST00005632,9.759979
POST00004835,9.589596
POST00004282,9.869467
POST00005214,7.9267325
POST00005836,9.602972
POST00004073,9.510369
POST00005821,10.572216
POST00004896,9.300426
POST00005555,8.731804
POST00004950,8.245326
POST00004887,6.1876936
POST00004684,9.039737
POST00004622,7.866641
POST00005466,6.37745
POST00005766,9.358256
POST00004762,10.776535
POST00005223,7.9909754
POST00004600,8.515359
POST00004745,8.704979
POST00005461,7.6541233
POST00004235,7.9321265
POST00004302,9.589285
POST00005210,6.58519
POST00004050,10.929178
POST00005848,10.25739
POST00004142,9.022396
POST00005628,9.145835
POST00004994,8.679625
POST00004321,8.744028
POST00004438,8.64334
POST00005779,9.591782
POST00004862,9.210328
POST00004348,9.67871
POST00005578,8.674798
POST00005055,8.852203
POST00005916,8.709276
POST00004266,8.761858
POST00005719,9.803745
POST00004712,9.583457
POST00005458,8.729562
POST00005322,8.390541
POST00005036,9.48064
POST00005671,7.167504
POST00005663,8.908421
POST00004805,9.184937
POST00005678,8.164051
POST00004626,10.687069
POST00005824,9.297479
POST00004212,9.604953
POST00004637,7.275519
POST00005934,8.637319
POST00004844,7.9009137
POST00005591,9.121735
POST00005432,9.03244
POST00004547,7.6219234
POST00004531,9.384798
POST00005087,11.206751
POST00005666,8.340856
POST00004995,11.107907
POST00005242,9.87744
POST00004271,4.134826
POST00005737,10.457527
POST00004823,8.7706995
POST00004703,8.894409
POST00005518,8.774076
POST00005217,9.229109
POST00004452,9.438886
POST00005895,9.683509
POST00005599,9.360443
POST00005570,8.24424
POST00004195,7.9865537
POST00004184,9.453696
POST00005625,8.190406
POST00005868,8.39999
POST00004779,8.035684
POST00004971,5.2916985
POST00004592,8.686641
POST00004507,9.15975
POST00005993,9.345793
POST00004203,9.072345
POST00004819,9.704778
POST00005013,8.349968
POST00005216,8.35978
POST00005324,9.651149
POST00005590,9.081681
POST00005312,8.618811
POST00005544,6.3029113
POST00004088,9.585056
POST00005288,8.918623
POST00005588,8.14656
POST00004822,8.931626
POST00004901,9.338348
POST00005134,8.207367
POST00004374,9.241622
POST00004699,10.089363
POST00004603,8.249209
POST00004608,9.59352
POST00004462,10.576552
POST00004914,9.36338
POST00005834,9.195067
POST00004039,9.098512
POST00004330,10.260019
POST00005592,9.908525
POST00004216,6.9922557
POST00005470,8.104339
POST00004029,6.924792
POST00005304,9.67894
POST00004058,6.328863
POST00005630,9.268711
POST00005925,8.511745
POST00004068,9.7404375
POST00004171,9.672652
POST00005232,8.580767
POST00005204,6.081724
POST00005785,9.196569
POST00005964,9.493916
POST00004425,9.002466
POST00004028,9.635485
POST00005679,9.0381365
POST00004618,8.471791
POST00005795,10.43294
POST00004176,9.197818
POST00005550,5.588066
POST00005946,6.9562025
POST00005949,8.5542965
POST00005354,9.618438
POST00004023,7.947977
POST00005451,7.909316
POST00005415,8.801843
POST00005378,9.131017
POST00004967,9.343542
POST00004520,8.843462
POST00004563,5.8107147
POST00004389,7.9232373
POST00005536,7.4872975
POST00004568,8.872061
POST00005699,11.220388
POST00004026,9.436584
POST00004316,9.726909
POST00005247,9.679631
POST00005154,9.0543375
POST00005783,8.781044
POST00005356,9.228462
POST00004846,10.354581
POST00004094,8.779258
POST00004900,8.764867
POST00004421,9.006047
POST00004535,8.951998
POST00005540,9.094244
POST00005717,9.289179
POST00004369,9.316973
POST00004196,9.797879
POST00005290,9.79603
POST00004412,8.922048
POST00005739,8.353455
POST00005079,8.43482
POST00004859,9.013026
POST00004721,8.43777
POST00004886,10.608155
POST00004990,8.967893
POST00004940,8.207324
POST00005413,9.3418
POST00004169,8.0866995
POST00005179,9.455069
POST00005487,9.230155
POST00004186,8.502171
POST00005408,9.448699
POST00005662,5.7611146
POST00004856,8.956137
POST00005380,8.291832
POST00004158,8.782713
POST00004491,9.561707
POST00004443,9.712634
POST00005574,9.349772
POST00005159,4.938242
POST00004420,8.683864
POST00005612,9.299028
POST00004453,11.30449
POST00005267,7.401608
POST00004129,6.251464
POST00004853,9.772044
POST00005711,9.179755
POST00004676,9.877812
POST00004766,8.2553425
POST00004837,8.746562
POST00004436,9.643604
POST00005213,9.5705
POST00004363,8.086917
POST00005384,8.67368
POST00004192,7.0881634
POST00005990,9.496547
POST00004441,7.838057
POST00004016,8.685437
POST00005621,10.77527
POST00005117,7.742846
POST00005560,10.113102
POST00004953,7.039261
POST00005669,9.597942
POST00004183,5.8946857
POST00004376,9.485252
POST00004695,9.543841
POST00004122,9.582073
POST00005657,9.730163
POST00004512,9.749039
POST00004475,9.392243
POST00005490,9.15969
POST00005011,8.363847
POST00005113,8.442668
POST00004102,8.280167
POST00005577,8.75526
POST00005169,11.367823
POST00004357,10.442018
POST00005605,8.880758
POST00005789,9.196267
POST00005568,8.138688
POST00005714,9.404628
POST00005116,9.4479885
POST00004354,8.7921295
POST00005254,9.582342
POST00005294,10.857427
POST00004174,9.152447
POST00005480,9.037894
POST00005880,9.589692
POST00005199,9.2980585
POST00004737,9.46816
POST00004217,9.341437
POST00004551,9.361761
POST00005911,9.093579
POST00005336,9.866647
POST00005438,8.607552
POST00005579,8.456968
POST00004591,9.603761
POST00005185,8.188489
POST00005421,8.983761
POST00005298,9.304668
POST00005180,9.512118
POST00004385,10.17129
POST00005668,9.399082
POST00005012,9.997116
POST00004498,10.000437
POST00004092,9.904564
POST00005374,9.470621
POST00005776,9.094107
POST00005168,8.578618
POST00005042,7.6044617
POST00005081,9.722724
POST00004020,10.298604
POST00005538,9.507114
POST00005268,9.447424
POST00005376,9.26954
POST00004538,10.719067
POST00005353,8.694152
POST00005257,5.846298
POST00004865,9.804012
POST00004313,9.63829
POST00004526,8.68193
POST00005208,9.281145
POST00004668,8.711121
POST00005558,9.168145
POST00004204,9.946358
POST00005306,9.940933
POST00005914,9.721546
POST00005791,7.951396
POST00004860,9.517964
POST00004185,9.373777
POST00004514,9.314177
POST00004908,10.393665
POST00005072,7.0584655
POST00005238,9.128479
POST00005229,9.644717
POST00005968,7.1441054
POST00004973,8.767147
POST00004809,9.65571
POST00005846,9.113122
POST00005049,9.796263
POST00005020,8.24577
POST00004621,8.788466
POST00004002,8.238431
POST00004098,8.500472
POST00004670,10.70019
POST00004349,8.426453
POST00004936,9.391166
POST00004634,8.782941
POST00005498,9.249018
POST00005158,9.753847
POST00005285,9.584999
POST00005405,7.964495
POST00005920,9.065812
POST00005015,6.3053193
POST00004243,9.480432
POST00004041,8.78217
POST00005764,11.075485
POST00004168,9.3652315
POST00005173,9.966563
POST00005975,5.6967425
POST00005649,9.588638
POST00004694,8.914373
POST00004064,10.288024
POST00004655,8.019178
POST00004804,9.170514
POST00004585,9.080852
POST00005697,9.045918
POST00004304,9.31844
POST00005300,9.989961
POST00005345,8.905566
POST00005302,8.932464
POST00004337,9.292368
POST00004210,9.180746
POST00004472,8.191248
POST00004654,9.012177
POST00005927,5.333768
POST00004675,9.393135
POST00004418,8.965223
POST00004054,7.218517
POST00004128,9.856139
POST00004448,8.600074
POST00005801,8.474615
POST00004843,8.753997
POST00004280,9.360465
POST00004012,10.884138
POST00004957,5.277771
POST00004683,9.426527
POST00004906,8.29762
POST00005372,6.947719
POST00005639,9.614081
POST00004567,8.693055
POST00004434,8.598865
POST00005126,5.170364
POST00005812,8.33686
POST00004296,7.8982697
POST00005373,9.40022
POST00005441,9.654077
POST00005996,7.2875953
POST00005782,9.159117
POST00004879,7.7229013
POST00004479,9.13715
POST00005417,10.161033
POST00004644,8.53881
POST00005189,10.570867
POST00005320,9.6999235
POST00005728,9.205432
POST00004400,9.946308
POST00004272,9.328762
POST00005767,10.020946
POST00005265,7.739711
POST00004040,9.332376
POST00004193,6.5017347
POST00004780,10.291118
POST00004255,10.273597
POST00005198,8.083834
POST00004834,9.07607
POST00005150,3.9629438
POST00004544,9.37876
POST00005211,9.479131
POST00004459,9.49834
POST00005127,10.485256
POST00005234,10.814342
POST00004049,10.777855
POST00004114,9.181395
POST00004125,6.841596
POST00005147,9.792702
POST00005132,8.509333
POST00004691,10.023796
POST00004060,8.275155
POST00005178,8.2240505
POST00005442,9.86305
POST00005048,8.409601
POST00004431,7.1936255
POST00005755,9.171918
POST00005715,9.371188
POST00005604,8.589724
POST00004350,8.382669
POST00005556,8.665313
POST00005969,9.657978
POST00005892,6.2125983
POST00005855,9.03803
POST00005854,9.584246
POST00005957,9.183301
POST00005041,8.490149
POST00004422,4.8205786
POST00005991,8.64007
POST00005504,11.7499
POST00004540,9.428983
POST00004145,8.581306
POST00005691,8.40662
POST00005155,9.2822075
POST00005111,9.155538
POST00005505,8.850336
POST00004813,8.7013855
POST00005146,8.04049
POST00004117,8.5071
POST00005530,9.286005
POST00005375,9.504304
POST00005683,10.255741
POST00005170,9.305895
POST00005775,8.615436
POST00004325,8.644432
POST00004033,8.885163
POST00005686,9.851589
POST00005482,8.944903
POST00004123,9.359287
POST00005309,9.287566
POST00004604,10.208201
POST00004787,8.724858
POST00004578,9.271524
POST00004562,8.7513
POST00005428,7.3334856
POST00004075,9.628078
POST00005350,9.4051075
POST00004503,9.0485935
POST00005806,8.961919
POST00005788,9.95515
POST00004257,7.553754
POST00005774,9.806364
POST00004977,8.28396
POST00004951,8.752144
POST00005287,7.402104
POST00004629,8.896112
POST00004739,9.098984
POST00005390,8.479142
POST00005878,8.842164
POST00005008,8.880788
POST00004089,10.157303
POST00004876,9.025709
POST00004084,9.073699
POST00004270,6.1163383
POST00004021,10.144653
POST00005418,8.131961
POST00005251,9.343297
POST00004427,8.928572
POST00005270,9.542406
POST00005803,8.941777
POST00005644,9.923206
POST00005171,9.678316
POST00005425,9.177225
POST00005629,8.956337
POST00005076,8.788945
POST00005681,9.665467
POST00004904,8.69812
POST00004642,10.319901
POST00005978,10.181843
POST00004724,9.856754
POST00004930,5.8377132
POST00005664,6.0517025
POST00005368,9.336877
POST00004165,7.9337535
POST00004735,9.037192
POST00005720,7.8406396
POST00004999,8.629038
POST00005827,8.299553
POST00005871,8.957183
POST00005516,8.872031
POST00005483,9.105011
POST00004264,9.186239
POST00004493,9.486259
POST00005140,8.165052
POST00004298,9.748814
POST00004888,9.887202
POST00004003,7.409342
POST00004795,9.631822
POST00004945,9.792985
POST00004734,9.366703
POST00004077,8.375936
POST00005192,10.285133
POST00005594,9.823516
POST00004240,9.827124
POST00005535,9.74206
POST00004598,7.266915
POST00005602,7.868644
POST00005758,9.501984
POST00005526,9.300219
POST00005554,9.349584
POST00005484,9.814982
POST00005529,9.66372
POST00005469,10.235281
POST00004160,10.121217
POST00004047,8.4763365
POST00004214,6.1623416
POST00005124,9.683166
POST00004671,9.278311
POST00005431,8.346767
POST00004278,8.996259
POST00004373,6.3041506
POST00004775,9.382738
POST00004815,4.505352
POST00004106,7.385608
POST00004451,9.484197
POST00005721,9.4388685
POST00004285,10.386472
POST00005610,10.124005
POST00004751,10.5353155
POST00005497,8.277848
POST00004482,8.832657
POST00004030,7.855186
POST00004437,8.262984
POST00005136,7.4207287
POST00004806,9.343937
POST00004736,10.099671
POST00004410,10.568078
POST00005884,10.374545
POST00004103,9.259731
POST00005437,8.8790655
POST00005862,9.110875
POST00004386,9.891829
POST00004360,9.025749
POST00005844,8.07753
POST00005335,10.049746
POST00004339,7.8866467
POST00004539,9.264708
POST00005646,8.961581
POST00005280,8.893879
POST00005143,7.7335067
POST00004747,7.8104057
POST00004388,8.380087
POST00005193,8.876388
POST00004723,9.986499
POST00005034,3.9262292
POST00004110,9.430087
POST00005918,8.533469
POST00005454,8.978398
POST00005264,9.753339
POST00005831,9.979415
POST00005901,9.151451
POST00004265,8.414683
POST00004375,8.2576
POST00005740,10.025252
POST00005327,8.898256
POST00004738,9.606505
POST00004939,9.799651
POST00005762,10.012766
POST00004445,9.275473
POST00004727,10.160769
POST00004327,9.602356
POST00004989,9.3072195
POST00005176,9.150241
POST00004664,8.748061
POST00004895,7.7889295
POST00004474,10.540692
POST00004329,9.911138
POST00005506,9.139773
POST00004841,8.99621
POST00004179,7.057872
POST00004756,8.832359
POST00004686,8.309356
POST00005478,8.592125
POST00005162,9.073215
POST00005952,8.897454
POST00005756,9.37406
POST00005561,7.9995418
POST00005581,8.174578
POST00004759,8.1865635
POST00005494,9.288007
POST00004201,9.377838
POST00004007,8.234279
POST00004530,10.005533
POST00005184,8.225718
POST00004121,8.543355
POST00004687,8.07662
POST00004871,9.946898
POST00005784,5.9599752
POST00005820,4.136696
POST00005360,7.3374944
POST00004006,8.319184
POST00005546,8.949915
POST00005534,3.57005
POST00005700,9.106428
POST00005273,9.597162
POST00005078,9.250353
POST00004696,10.8327675
POST00004784,6.012393
POST00005771,9.753107
POST00005120,8.141321
POST00004371,9.5305395
POST00004719,8.505988
POST00005926,9.36364
POST00004571,9.066874
POST00004613,9.214446
POST00004833,9.203767
POST00004705,10.105823
POST00004442,9.16366
POST00005818,9.056026
POST00004219,9.7212105
POST00004757,9.729683
POST00005511,9.567725
POST00004688,10.795014
POST00004891,9.453023
POST00005119,9.702417
POST00004484,7.6228285
POST00004015,9.181147
POST00004093,8.877054
POST00004138,9.9702635
POST00005742,9.300088
POST00005998,10.547805
POST00004863,9.629013
POST00005472,9.509936
POST00005613,9.642843
POST00005121,8.111128
POST00005845,9.047594
POST00004576,10.052163
POST00005501,4.809954
POST00004942,7.9688034
POST00005557,9.086513
POST00005325,9.685352
POST00004449,7.2792234
POST00005382,9.233537
POST00004979,9.382916
POST00005656,10.736065
POST00005524,9.795799
POST00005272,9.310445
POST00004081,10.840048
POST00004872,7.4150352
POST00005643,8.527774
POST00004341,8.858381
POST00004091,5.3834133
POST00005445,8.424154
POST00004497,8.217384
POST00004818,9.063465
POST00004549,9.353382
POST00004517,8.790892
POST00004144,3.793577
POST00005453,8.697158
POST00005718,9.310661
POST00004297,9.689728
POST00004085,8.340712
POST00004923,8.929153
POST00005277,8.300052
POST00005296,11.47905
POST00005712,6.590121
POST00004043,9.482204
POST00005640,9.715471
POST00005077,9.525531
POST00004355,9.161945
POST00005945,9.649635
POST00005585,8.575392
POST00004206,9.1751
POST00004596,9.047767
POST00004864,8.621172
POST00005922,8.755754
POST00004238,9.325602
POST00004382,9.631789
POST00005054,9.209393
POST00005149,5.177393
POST00005814,10.094578
POST00005464,8.846147
POST00005347,8.963072
POST00004911,6.783782
POST00005757,9.926259
POST00004209,5.9013605
POST00005680,10.008356
POST00004612,8.00813
POST00004115,9.216942
POST00005201,8.8117075
POST00004760,9.746624
POST00004894,8.684372
POST00004580,8.570494
POST00005960,10.119028
POST00005070,9.630104
POST00005573,9.544493
POST00004317,9.558204
POST00005642,8.979464
POST00004769,9.382265
POST00005357,8.573448
POST00004966,9.185182
POST00005099,8.853565
POST00004172,9.552382
POST00005479,9.233371
POST00004767,8.803589
POST00004365,6.3402014
POST00005427,8.251623
POST00005597,11.154497
POST00005166,9.71351
POST00005684,10.527601
POST00004630,8.097823
POST00004289,9.018726
POST00004792,10.471443
POST00005410,8.568361
POST00005474,9.229021
POST00004960,8.907034
POST00005800,9.1156435
POST00004135,9.148057
POST00005295,9.218261
POST00005896,10.339617
POST00005026,9.46814
POST00004152,9.732988
POST00004351,10.049956
POST00005542,9.156512
POST00005017,9.083616
POST00005263,7.0230823
POST00004800,8.438118
POST00004570,9.06041
POST00004593,5.710916
POST00005864,9.363972
POST00005416,9.183868
POST00004925,8.335344
POST00005105,8.648563
POST00005343,7.9079604
POST00005385,9.097162
POST00005870,7.7386
POST00005362,8.080061
POST00004460,9.623063
POST00005460,7.7951117
POST00005274,8.949957
POST00005029,8.155805
POST00005112,8.6394825
POST00004812,8.932322
POST00005606,8.970638
POST00004866,9.809607
POST00004306,8.674066
POST00005948,9.342812
POST00004256,8.950691
POST00004958,9.374847
POST00004647,10.11163
POST00005655,9.385801
POST00005027,9.614156
POST00005148,9.228633
POST00005851,10.091155
POST00004918,8.933774
POST00004464,8.989984
POST00005709,9.386894
POST00005102,8.664833
POST00005281,9.569743
POST00004396,8.638406
POST00004338,10.040371
POST00005332,8.77715
POST00005468,8.935744
POST00004267,8.317273
POST00005936,8.766662
POST00004986,8.6382
POST00005068,7.415179
POST00004920,9.133689
POST00004543,8.078015
POST00005485,9.39124
POST00005519,12.035326
POST00005276,9.662939
POST00004650,10.110887
POST00004405,6.829151
POST00005299,8.960644
POST00005608,8.859315
POST00004249,9.16091
POST00004708,9.563864
POST00004391,9.684089
POST00004976,9.554048
POST00005676,9.065871
POST00005863,8.448731
POST00004949,8.335881
POST00004017,9.144865
POST00005403,9.130675
POST00004542,3.8658352
POST00005885,9.452883
POST00005256,9.038234
POST00005393,9.258628
POST00004132,8.7251625
POST00005088,9.545585
POST00005702,8.859847
POST00005710,9.873821
POST00005692,9.019165
POST00005589,9.781308
POST00005315,10.314668
POST00004510,9.34385
POST00004523,8.963919
POST00004816,8.109975
POST00004782,8.602585
POST00004546,10.315828
POST00006000,7.755167
POST00004698,9.316139
POST00005197,7.9478655
POST00005707,3.8192575
POST00005977,9.485053
POST00004877,9.282125
POST00005850,9.605473
POST00004811,9.541526
POST00005424,9.257463
POST00005430,8.604232
POST00005515,5.25822
POST00005984,9.271354
POST00005006,9.914806
POST00005857,9.0526495
POST00004572,9.067704
POST00004556,6.600375
POST00004083,8.929743
POST00004071,10.005772
POST00005677,9.357594
POST00005052,7.792805
POST00004315,8.090797
POST00004658,7.8979554
POST00005402,7.781712
POST00004609,9.663707
POST00005059,8.835884
POST00004620,9.221286
POST00005000,9.045351
POST00005448,8.859993
POST00005463,9.390589
POST00004605,8.081858
POST00005406,8.867462
POST00005587,9.11105
POST00004229,9.804382
POST00004053,8.9703245
POST00005319,9.7794285
POST00005930,6.349025
POST00004471,8.144148
POST00004718,6.4487867
POST00004955,9.8047495
POST00004852,10.909718
POST00004247,8.471229
POST00005816,7.44767
POST00004564,9.632691
POST00004394,9.135834
POST00005440,8.870382
POST00005647,8.362146
POST00004387,9.674593
POST00004074,6.721237
POST00004308,7.639771
POST00004657,9.690733
POST00004947,11.064644
POST00004430,10.037445
POST00005869,9.026904
POST00005346,9.086393
POST00004927,9.4330845
POST00005400,10.19311
POST00005773,9.076845
POST00004483,10.588254
POST00004189,9.287032
POST00005765,9.482676
POST00005493,9.831245
POST00004170,9.123484
POST00005828,9.078772
POST00005419,9.051996
POST00005187,8.883012
POST00005195,9.222517
POST00005900,9.761884
POST00004118,8.610252
POST00005959,6.266923
POST00005293,7.9923816
POST00005688,9.171048
POST00005841,9.056769
POST00005989,7.075526
POST00004119,10.392988
POST00005861,10.415821
POST00005580,9.083066
POST00004332,9.361292
POST00004661,10.375622
POST00004868,8.89656
POST00005258,9.230359
POST00004407,9.848561
POST00004824,9.693589
POST00005798,9.1189165
POST00005897,9.312567
POST00005182,8.48501
POST00005510,9.2084875
POST00004194,9.904618
POST00004428,9.724563
POST00005994,9.015253
POST00004181,8.89162
POST00005156,4.3868475
POST00005887,9.20558
POST00004641,9.261584
POST00004236,9.456025
POST00004669,8.802037
POST00005513,9.545855
POST00004072,9.455617
POST00004299,9.05351
POST00004720,4.268767
POST00005652,9.320507
POST00004996,9.596902
POST00005252,10.118839
POST00004680,9.442362
POST00005545,9.152281
POST00004393,8.83098
POST00005811,8.732761
POST00004907,8.785678
POST00004803,9.909146
POST00004614,10.361775
POST00004768,9.10246
POST00004188,8.835719
POST00005467,7.062393
POST00004239,8.979632
POST00004146,8.9416065
POST00004101,8.949546
POST00005065,8.75698
POST00004915,9.218532
POST00005912,9.199883
POST00004263,9.133804
POST00004463,8.075019
POST00004665,9.731121
POST00005672,9.089786
POST00004295,9.315668
POST00005142,9.529445
POST00004242,9.226565
POST00005488,9.686323
POST00005634,9.78059
POST00005261,7.0230823
POST00005122,8.830332
POST00005153,8.718306
POST00005670,6.8923163
POST00005412,9.040987
POST00005583,9.264466
POST00004046,8.48447
POST00005539,9.27757
POST00005835,7.3887157
POST00005947,8.974554
POST00005853,11.147302
POST00005215,9.357547
POST00005240,8.765941
POST00005243,11.086761
POST00004521,9.611832
POST00005645,10.539763
POST00004097,8.965926
POST00004307,5.872375
POST00005334,9.029377
POST00005569,7.962003
POST00005455,8.233701
POST00004259,6.1705427
POST00004180,8.487307
POST00005673,8.826541
POST00004287,9.667166
POST00004290,5.5876956
POST00005627,9.9182
POST00005495,10.045778
POST00005733,9.286652
POST00004095,7.7957964
POST00005607,10.006537
POST00005532,9.127092
POST00005286,9.3618
POST00004377,8.4111595
POST00005708,8.733184
POST00004516,9.219822
POST00004730,8.978423
POST00004199,9.075599
POST00004975,10.909122
POST00004488,10.924218
POST00004763,9.197877
POST00004066,9.281313
POST00004458,9.088226
POST00005297,8.173213
POST00004312,4.6795645
POST00004548,8.417352
POST00005305,9.185206
POST00004336,9.083218
POST00004402,9.78542
POST00004628,9.087436
POST00005902,8.563024
POST00005829,9.473844
POST00005823,7.4875526
POST00004776,9.812223
POST00005865,9.521487
POST00005115,9.946326
POST00004753,8.656057
POST00004528,10.2782
POST00004277,9.039022
POST00004466,9.682475
POST00004052,6.9061704
POST00005083,8.587815
POST00005913,9.529356
POST00004541,9.19825
POST00004112,8.743339
POST00005956,9.628724
POST00004275,9.684164
POST00005817,9.669925
POST00005849,8.895371
POST00004335,10.561972
POST00005226,7.589347
POST00004055,9.676715
POST00005069,9.394624
POST00005541,9.276685
POST00004536,9.271201
POST00004983,8.711889
POST00004476,9.207452
POST00005778,9.90946
POST00005135,10.439261
POST00005992,9.538419
POST00004202,9.670828
POST00004770,11.247266
POST00004429,8.032394
POST00004557,9.260496
POST00005882,7.8877654
POST00004392,9.199467
POST00004492,8.766296
POST00004956,9.06184
POST00004783,9.049141
POST00004057,8.83337
POST00005366,8.954039
POST00005035,9.355914
POST00004997,8.218879
POST00005225,9.351912
POST00005981,6.1161532
POST00005731,9.776941
POST00005907,9.88918
POST00004601,9.275643
POST00005749,6.385978
POST00005388,7.955764
POST00004929,9.969886
POST00004781,8.852972
POST00005653,8.892544
POST00004207,4.653997
POST00005695,4.7958145
POST00004062,7.6862574
POST00005876,8.327175
POST00005057,8.58
POST00005044,9.923197
POST00005951,10.716583
POST00004137,8.548891
POST00005183,9.264691
POST00004378,8.366314
POST00004215,9.616384
POST00004533,7.8125215
POST00005398,8.510482
POST00005631,9.390649
POST00004104,9.16424
POST00005651,8.677546
POST00004124,8.99828
POST00004070,8.195869
POST00004461,9.34319
POST00004527,7.0153246
POST00005167,8.847511
POST00005995,9.704452
POST00005944,9.284945
POST00004198,9.549678
POST00004036,10.184066
POST00005165,10.415652
POST00005832,10.318052
POST00005307,8.554073
POST00004850,8.259987
POST00004607,8.40773
POST00005202,9.793001
POST00005593,8.492683
POST00005527,9.699737
POST00005747,8.700337
POST00005790,10.233503
POST00004582,7.02431
POST00005109,7.9477115
POST00005748,9.948727
POST00005344,8.922117
POST00005693,8.258309
POST00005028,7.9658747
POST00005313,5.353856
POST00004111,9.4706745
POST00004319,9.403971
POST00004380,8.974956
POST00005194,11.032606
POST00005310,9.244542
POST00005938,9.475161
POST00004875,10.413068
POST00004061,9.624634
POST00004882,9.198986
POST00004051,8.761386
POST00005260,8.818958
POST00004569,9.532748
POST00005738,7.698433
POST00004847,9.456413
POST00005932,10.086496
POST00005064,9.338676
POST00004820,9.159613
POST00005224,10.274689
POST00004633,9.242424
POST00004416,9.591679
POST00004794,9.497096
POST00005205,9.428752
POST00005891,8.411651
POST00005177,11.497276
POST00004952,9.102671
POST00005186,9.267359
POST00004090,9.826141
POST00004294,9.053701
POST00004481,7.3515735
POST00004663,9.119373
POST00004832,9.780025
POST00004899,11.587186
POST00004100,9.972772
POST00004537,8.770642
POST00005552,9.445678
POST00004984,8.916601
POST00005352,9.250341
POST00005476,5.2469068
POST00005449,8.611228
POST00004455,9.782531
POST00004515,5.6094007
POST00005512,8.947639
POST00005323,8.977871
POST00005289,3.617193
POST00004390,9.242284
POST00005066,8.834586
POST00004878,8.791452
POST00005548,9.656737
POST00004108,8.430643
POST00004786,7.4191747
POST00004587,9.525322
POST00005523,9.918724
POST00005161,10.236192
POST00005457,9.043653
POST00005236,8.069348
POST00005537,9.406491
POST00005271,9.584641
POST00004728,9.298689
POST00005389,8.794725
POST00005245,10.221532
POST00004154,9.303967
POST00004333,8.508246
POST00005796,8.454289
POST00004561,9.257427
POST00004177,9.782913
POST00005909,8.677227
POST00004505,8.609466
POST00005095,9.987878
POST00004554,8.710044
POST00005746,9.303476
POST00005144,9.086361
POST00005637,9.315424
POST00005805,9.634233
POST00004817,10.306648
POST00004126,9.656814
POST00005038,8.024069
POST00004709,8.845014
POST00004679,8.18317
POST00005090,3.877336
POST00005228,7.7178936
POST00005706,9.491372
POST00005735,9.134853
POST00005508,9.511707
POST00005363,9.633089
POST00004305,7.9978566
POST00005209,8.604465
POST00005866,8.703885
POST00004291,9.456612
POST00005698,9.980804
POST00004619,8.932743
POST00004808,8.407299
POST00005963,8.224064
POST00005025,8.288888
POST00004248,8.691608
POST00004744,9.719254
POST00005886,9.574237
POST00004916,9.371028
POST00005001,9.903972
POST00005999,9.607123
POST00004707,9.719639
POST00004704,8.483
POST00005839,9.163705
POST00005622,9.493117
POST00005227,10.632235
POST00005674,5.8058305
POST00005050,8.179021
POST00005658,5.327496
POST00005394,8.729268
POST00005500,10.209939
POST00004978,9.965066
POST00004300,9.187811
POST00005875,8.606896
POST00005275,5.91505
POST00005452,9.592999
POST00005426,8.252785
POST00005435,9.682897
POST00005024,10.389
POST00004772,9.366725
POST00004909,8.700405
POST00004710,9.955451
POST00004009,9.876337
POST00005423,10.463693
POST00005626,9.572025
POST00005654,8.552185
POST00005471,9.111341
POST00004697,8.770617
POST00004652,9.804668
POST00005917,10.066127
POST00005802,8.792383
POST00004147,8.5725975
POST00005118,9.69583
POST00005979,9.312358
POST00005520,9.058829
POST00005962,9.733056
POST00004107,8.923683
POST00005094,10.087669
POST00004311,4.7782445
POST00004565,9.5645275
POST00005174,9.789469
POST00005804,9.799137
POST00004136,9.287777
POST00004328,8.562397
POST00004693,8.76412
POST00005840,9.387145
POST00005383,9.64457
POST00004433,4.6378527
POST00004869,6.486764
POST00004496,8.7874775
POST00005058,9.77906
POST00005732,8.873024
POST00005923,9.739969
POST00004764,9.664615
POST00004599,9.130946
POST00005904,8.628698
POST00004399,10.336501
POST00005181,9.554305
POST00004044,9.797492
POST00005175,9.717359
POST00004404,8.8336735
POST00005576,9.107828
POST00004099,8.115866
POST00004424,9.726962
POST00005475,8.165016
POST00005716,9.915513
POST00005355,9.340362
POST00004150,8.828093
POST00004898,9.480098
POST00004752,8.528948
POST00005331,9.986239
POST00004191,9.248012
POST00005061,8.444498
POST00005246,9.389675
POST00005856,9.04247
POST00004309,11.236816
POST00004902,9.079505
POST00004113,9.358973
POST00004917,8.491845
POST00005439,9.011391
POST00004485,9.066027
POST00004343,9.307277
POST00005164,8.731391
POST00004131,9.216043
POST00004810,7.563918
POST00004368,10.67583
POST00005151,9.47885
POST00004506,8.926058
POST00004789,9.577555
POST00004836,9.099225
POST00005436,8.638268
POST00005648,9.1388445
POST00004933,9.530272
POST00005874,9.235109
POST00004116,8.404408
POST00005987,9.468255
POST00005033,9.357205
POST00005933,9.336411
POST00005997,8.362109
POST00005004,9.03498
POST00005348,9.650634
POST00005022,9.09518
POST00005098,10.540989
POST00004469,9.106441
POST00004885,8.763317
POST00004419,8.235705
POST00005547,9.739468
POST00004743,10.505829
POST00004961,7.396209
POST00004796,9.82957
POST00004646,8.5737705
POST00005955,9.202355
POST00004550,8.995139
POST00005269,9.187819
POST00004008,7.9475455
POST00005401,9.092418
POST00005086,9.928909
POST00005145,9.77917
POST00005499,8.605326
POST00004624,9.208311
POST00004662,6.642005
POST00004361,9.140366
POST00005255,10.182905
POST00004855,8.177609
POST00004359,7.8559537
POST00005244,8.712766
POST00005107,10.186424
POST00004748,9.02634
POST00005743,8.645289
POST00004279,8.608439
POST00005370,9.378357
POST00004340,6.7316775
POST00005101,9.482421
POST00005877,9.605274
POST00004178,7.002701
POST00004440,9.506735
POST00004840,8.34691
POST00004024,8.860552
POST00004362,10.56279
POST00004579,8.398092
POST00005769,8.973134
POST00004617,8.903324
POST00004749,8.395834
POST00004032,9.608694
POST00005950,9.27076
POST00005190,9.294283
POST00004435,6.9610114
POST00005734,9.427045
POST00004225,10.156191
POST00004182,8.9975605
POST00004318,9.596101
POST00005125,10.212653
POST00004692,10.764242
POST00004346,9.284756
POST00004648,8.29829
POST00005333,10.273722
POST00005340,8.021045
POST00004140,9.555652
POST00004331,7.940785
POST00004157,9.763287
POST00005019,8.024766
POST00005009,9.837349
POST00005623,9.664794
POST00004845,9.90493
POST00005131,9.672842
POST00005983,9.053671
POST00005786,10.335688
POST00004408,9.801508
POST00005018,9.6590395
POST00005141,9.313861
POST00004224,9.384207
POST00005138,9.902938
POST00005624,9.173663
POST00004011,9.630627
POST00005231,8.827899
POST00005030,3.9230063
POST00004013,10.253533
POST00004326,8.492189
POST00005830,9.15581
POST00004261,9.679142
POST00004519,9.712594
POST00004889,10.229883
POST00005235,9.20276
POST00004839,9.425261
POST00004678,8.926047
POST00004974,9.480145
POST00005093,8.730861
POST00005062,7.9847183
POST00004164,9.233762
POST00005729,9.945085
POST00004932,10.098631
POST00005667,5.1443834
POST00005396,8.723736
POST00005073,9.149466
POST00004987,10.163039
POST00005172,10.031457
POST00004213,10.726271
POST00005021,9.790272
POST00005282,8.624013
POST00004324,8.816524
POST00004468,9.852219
POST00004019,9.946825
POST00005650,5.7938323
POST00005060,8.939629
POST00004799,9.9665165
POST00004220,4.96696
POST00005704,10.340001
POST00004802,8.021845
POST00004500,9.951192
POST00004851,8.622743
POST00004534,10.022901
POST00005361,9.341579
POST00004231,8.14954
POST00004903,8.525685
POST00005067,9.567337
POST00004928,9.192904
POST00005826,9.6387
POST00004981,8.691949
POST00004821,10.048391
POST00005433,7.8212733
POST00005450,9.310383
POST00005253,8.924456
POST00005314,9.147533
POST00004778,8.718284
POST00004059,9.758887
POST00004919,9.197884
POST00004109,9.46827
POST00005843,8.301451
POST00004426,9.001706
POST00005567,9.22103
POST00005063,9.259805
POST00005128,9.336521
POST00004714,9.724613
POST00005595,8.598568
POST00005928,8.866157
POST00005045,8.99294
POST00004913,6.966094
POST00004754,9.725712
POST00005582,9.185412
POST00004785,9.350498
POST00004253,10.018223
POST00004653,7.795407
POST00004595,10.120183
POST00005859,10.007923
POST00005509,9.052561
POST00005752,9.251233
POST00005200,8.976471
POST00004998,7.74232
POST00004383,9.146345
POST00004347,9.100295
POST00005503,9.616019
POST00004105,8.396715
POST00004831,8.108657
POST00005023,8.62432
POST00004606,10.182713
POST00004897,8.627042
POST00005696,9.846366
POST00005071,9.4936
POST00005456,7.9518037
POST00004486,9.354835
POST00004409,9.935566
POST00004197,8.481046
POST00004490,9.068283
POST00005961,9.317666
POST00005391,7.7612844
POST00004139,8.323783
POST00004643,10.053164
POST00004454,9.895678
POST00004555,9.569507
POST00005349,9.521283
POST00004487,6.628845
POST00004334,9.7293625
POST00005615,9.571127
POST00005157,9.28698
POST00004048,8.9232855
POST00004921,8.333166
POST00005760,9.700238
POST00004322,7.4890823
POST00005502,10.001581
POST00005010,9.874518
POST00004711,8.314601
POST00004740,9.242036
POST00005873,8.696677
POST00004423,9.748117
POST00005100,9.506561
POST00005399,9.118147
POST00004018,8.066914
POST00004269,9.068971
POST00005531,5.4338794
POST00004513,9.511354
POST00004774,9.014839
POST00004096,8.513151
POST00005659,8.365299
POST00005491,9.222844
POST00005794,10.103322
POST00004205,8.111805
POST00004511,5.0521307
POST00005002,8.606279
POST00005787,9.765668
POST00004883,10.24146
POST00005687,9.429829
POST00005043,8.941402
POST00005879,10.403056
POST00004283,9.317553
POST00004722,9.116137
POST00004725,8.26503
POST00004666,8.996106
POST00004681,8.897047
POST00004227,8.559457
POST00004575,9.736543
POST00004367,8.744631
POST00004397,9.590255
POST00005937,10.137104
POST00004992,7.9571843
POST00005986,9.249238
POST00004228,9.417703
POST00005219,9.121451
POST00004615,6.95462
POST00005443,9.370534
POST00005404,9.203713
POST00004649,9.607602
POST00005341,8.959287
POST00005690,7.5096164
POST00004985,9.650029
POST00004632,9.771136
POST00005486,9.176233
POST00004716,7.8750176
POST00004584,9.430683
POST00004303,8.956331
POST00004358,8.600195
POST00004163,7.3531656
POST00005074,9.535451
POST00004963,5.9206185
POST00004288,9.5287695
POST00005381,8.906235
POST00005317,8.466833
POST00004274,9.981869
POST00004414,9.562313
POST00005665,9.381997
POST00005047,9.348384
POST00005982,10.730228
POST00004959,9.861114
POST00004729,9.278257
POST00004826,9.827322
POST00004801,9.690086
POST00004078,9.4683895
POST00005007,9.887077
POST00005249,9.05824
POST00005351,9.1601305
POST00005661,8.919514
POST00005328,8.163575
POST00004640,9.651697
POST00005872,8.959637
POST00004133,8.2468815
POST00004791,9.518284
POST00004631,9.4618435
POST00004525,9.211828
POST00004233,9.894479
POST00004151,3.6419156
POST00004079,9.122766
POST00005338,8.64007
POST00004980,8.374575
POST00005754,7.5919347
POST00004602,9.589557
POST00005160,7.879277
POST00004262,9.047053
POST00004701,8.493255
POST00004858,8.694591
POST00004153,9.338607
POST00005971,8.8284645
POST00004286,8.749138
POST00005444,9.187063
POST00005563,7.6474433
POST00005507,8.557525
POST00004746,8.147354
POST00005598,9.421653
POST00005152,9.442355
POST00005600,7.4893594
POST00004167,10.15286
